STATION_ID,Year,VALUE,Elevation,Latitude,Longitude,Basin #,Basin Name,Area,Volume
BDE,1990,,8370,38.217,-119.017,10801,WALKER RIVER,1176079255.0,
BDE,1991,,8370,38.217,-119.017,10801,WALKER RIVER,1176079255.0,
BDE,1992,,8370,38.217,-119.017,10801,WALKER RIVER,1176079255.0,
BDE,1993,,8370,38.217,-119.017,10801,WALKER RIVER,1176079255.0,
BDE,1994,,8370,38.217,-119.017,10801,WALKER RIVER,1176079255.0,
BDE,1995,,8370,38.217,-119.017,10801,WALKER RIVER,1176079255.0,
BDE,1996,0.072644,8370,38.217,-119.017,10801,WALKER RIVER,1176079255.0,85435101.40022
BDE,1997,0.024659166666666666,8370,38.217,-119.017,10801,WALKER RIVER,1176079255.0,29001134.362254165
BDE,1998,0.038030727272727265,8370,38.217,-119.017,10801,WALKER RIVER,1176079255.0,44727149.398017265
BDE,1999,0.020764499999999998,8370,38.217,-119.017,10801,WALKER RIVER,1176079255.0,24420697.690447498
BDE,2000,0.014477999999999998,8370,38.217,-119.017,10801,WALKER RIVER,1176079255.0,17027275.453889996
BDE,2001,0.024214666666666662,8370,38.217,-119.017,10801,WALKER RIVER,1176079255.0,28478367.13340666
BDE,2002,0.017610666666666667,8370,38.217,-119.017,10801,WALKER RIVER,1176079255.0,20711539.733386666
BDE,2003,0.0197485,8370,38.217,-119.017,10801,WALKER RIVER,1176079255.0,23225801.1673675
BDE,2004,0.016298333333333335,8370,38.217,-119.017,10801,WALKER RIVER,1176079255.0,19168131.724408336
BDE,2005,0.02582333333333333,8370,38.217,-119.017,10801,WALKER RIVER,1176079255.0,30370286.62828333
BDE,2006,0.014901333333333332,8370,38.217,-119.017,10801,WALKER RIVER,1176079255.0,17525149.005173333
BDE,2007,0.01778,8370,38.217,-119.017,10801,WALKER RIVER,1176079255.0,20910689.1539
BDE,2008,0.02264833333333333,8370,38.217,-119.017,10801,WALKER RIVER,1176079255.0,26636234.99365833
BDE,2009,0.019071166666666667,8370,38.217,-119.017,10801,WALKER RIVER,1176079255.0,22429203.485314168
BDE,2010,0.022330833333333334,8370,38.217,-119.017,10801,WALKER RIVER,1176079255.0,26262829.830195833
BDE,2011,0.018182166666666666,8370,38.217,-119.017,10801,WALKER RIVER,1176079255.0,21383669.027619164
BDE,2012,0.022711833333333334,8370,38.217,-119.017,10801,WALKER RIVER,1176079255.0,26710916.026350833
BDE,2013,0.011197166666666666,8370,38.217,-119.017,10801,WALKER RIVER,1176079255.0,13168755.431444166
BDE,2014,0.016763999999999998,8370,38.217,-119.017,10801,WALKER RIVER,1176079255.0,19715792.63082
BDE,2015,0.03094566666666667,8370,38.217,-119.017,10801,WALKER RIVER,1176079255.0,36394556.59881167
BDE,2016,0.03393016666666667,8370,38.217,-119.017,10801,WALKER RIVER,1176079255.0,39904565.13535917
BDE,2017,0.03259666666666667,8370,38.217,-119.017,10801,WALKER RIVER,1176079255.0,38336263.44881667
BDE,2018,0.034544,8370,38.217,-119.017,10801,WALKER RIVER,1176079255.0,40626481.784719996
BDE,2019,0.033401,8370,38.217,-119.017,10801,WALKER RIVER,1176079255.0,39282223.196255
BDE,2020,0.0172085,8370,38.217,-119.017,10801,WALKER RIVER,1176079255.0,20238559.859667502
BDE,2021,0.028659666666666663,8370,38.217,-119.017,10801,WALKER RIVER,1176079255.0,33706039.42188166
BDE,2022,0.024786166666666668,8370,38.217,-119.017,10801,WALKER RIVER,1176079255.0,29150496.427639168
BDE,2023,0.03477683333333333,8370,38.217,-119.017,10801,WALKER RIVER,1176079255.0,40900312.237925835
BDE,2024,0.0398145,8370,38.217,-119.017,10801,WALKER RIVER,1176079255.0,46825007.4981975
BDG,1949,0.015980833333333333,6470,38.25,-119.233,10801,WALKER RIVER,4222049.953,67471.87662390083
BDG,1950,0.04167716666666666,6470,38.25,-119.233,10801,WALKER RIVER,4222049.953,175963.07956617314
BDG,1951,0.021759333333333335,6470,38.25,-119.233,10801,WALKER RIVER,4222049.953,91868.99227731134
BDG,1952,0.024891999999999997,6470,38.25,-119.233,10801,WALKER RIVER,4222049.953,105095.26743007598
BDG,1953,0.016891,6470,38.25,-119.233,10801,WALKER RIVER,4222049.953,71314.64575612299
BDG,1954,0.015769166666666667,6470,38.25,-119.233,10801,WALKER RIVER,4222049.953,66578.20938384917
BDG,1955,0.029125333333333333,6470,38.25,-119.233,10801,WALKER RIVER,4222049.953,122968.61223110932
BDG,1956,0.015134166666666666,6470,38.25,-119.233,10801,WALKER RIVER,4222049.953,63897.20766369416
BDG,1957,0.01902883333333333,6470,38.25,-119.233,10801,WALKER RIVER,4222049.953,80340.68488064483
BDG,1958,0.019473333333333332,6470,38.25,-119.233,10801,WALKER RIVER,4222049.953,82217.38608475332
BDG,1959,0.018288000000000002,6470,38.25,-119.233,10801,WALKER RIVER,4222049.953,77212.849540464
BDG,1960,0.017060333333333334,6470,38.25,-119.233,10801,WALKER RIVER,4222049.953,72029.57954816433
BDG,1961,0.011895666666666666,6470,38.25,-119.233,10801,WALKER RIVER,4222049.953,50224.09889090366
BDG,1962,0.023495000000000002,6470,38.25,-119.233,10801,WALKER RIVER,4222049.953,99197.063645735
BDG,1963,0.033591499999999996,6470,38.25,-119.233,10801,WALKER RIVER,4222049.953,141824.99099619949
BDG,1964,0.0168275,6470,38.25,-119.233,10801,WALKER RIVER,4222049.953,71046.54558410749
BDG,1965,0.025082499999999997,6470,38.25,-119.233,10801,WALKER RIVER,4222049.953,105899.56794612248
BDG,1966,0.0117475,6470,38.25,-119.233,10801,WALKER RIVER,4222049.953,49598.531822867495
BDG,1967,0.020828,6470,38.25,-119.233,10801,WALKER RIVER,4222049.953,87936.856421084
BDG,1968,0.01691216666666667,6470,38.25,-119.233,10801,WALKER RIVER,4222049.953,71404.01248012818
BDG,1969,0.03924299999999999,6470,38.25,-119.233,10801,WALKER RIVER,4222049.953,165685.90630557897
BDG,1970,0.024384,6470,38.25,-119.233,10801,WALKER RIVER,4222049.953,102950.466053952
BDG,1971,0.021124333333333332,6470,38.25,-119.233,10801,WALKER RIVER,4222049.953,89187.99055715633
BDG,1972,0.018372666666666666,6470,38.25,-119.233,10801,WALKER RIVER,4222049.953,77570.31643648466
BDG,1973,0.023981833333333334,6470,38.25,-119.233,10801,WALKER RIVER,4222049.953,101252.49829785383
BDG,1974,0.02321983333333333,6470,38.25,-119.233,10801,WALKER RIVER,4222049.953,98035.2962336678
BDG,1975,0.022224999999999998,6470,38.25,-119.233,10801,WALKER RIVER,4222049.953,93835.06020542499
BDG,1976,0.009524999999999999,6470,38.25,-119.233,10801,WALKER RIVER,4222049.953,40215.02580232499
BDG,1977,0.026542999999999997,6470,38.25,-119.233,10801,WALKER RIVER,4222049.953,112065.87190247898
BDG,1978,0.01750483333333333,6470,38.25,-119.233,10801,WALKER RIVER,4222049.953,73906.28075227281
BDG,1979,0.0243205,6470,38.25,-119.233,10801,WALKER RIVER,4222049.953,102682.3658819365
BDG,1980,0.01585383333333333,6470,38.25,-119.233,10801,WALKER RIVER,4222049.953,66935.67627986982
BDG,1981,0.025759833333333333,6470,38.25,-119.233,10801,WALKER RIVER,4222049.953,108759.30311428782
BDG,1982,0.05287433333333333,6470,38.25,-119.233,10801,WALKER RIVER,4222049.953,223238.0765649063
BDG,1983,0.03420533333333333,6470,38.25,-119.233,10801,WALKER RIVER,4222049.953,144416.62599234932
BDG,1984,0.010625666666666665,6470,38.25,-119.233,10801,WALKER RIVER,4222049.953,44862.09545059366
BDG,1985,0.037676666666666664,6470,38.25,-119.233,10801,WALKER RIVER,4222049.953,159072.76872919666
BDG,1986,0.009122833333333333,6470,38.25,-119.233,10801,WALKER RIVER,4222049.953,38517.05804622683
BDG,1987,0.013144499999999998,6470,38.25,-119.233,10801,WALKER RIVER,4222049.953,55496.73560720849
BDG,1988,0.014308666666666666,6470,38.25,-119.233,10801,WALKER RIVER,4222049.953,60411.90542749266
BDG,1989,0.018436166666666663,6470,38.25,-119.233,10801,WALKER RIVER,4222049.953,77838.41660850015
BDG,1990,0.008932333333333332,6470,38.25,-119.233,10801,WALKER RIVER,4222049.953,37712.75753018032
BDG,1991,0.018944166666666665,6470,38.25,-119.233,10801,WALKER RIVER,4222049.953,79983.21798462415
BDG,1992,0.015515166666666667,6470,38.25,-119.233,10801,WALKER RIVER,4222049.953,65505.808695787164
BDG,1993,0.012551833333333332,6470,38.25,-119.233,10801,WALKER RIVER,4222049.953,52994.467335063826
BDG,1994,0.015134166666666666,6470,38.25,-119.233,10801,WALKER RIVER,4222049.953,63897.20766369416
BDG,1995,0.030903333333333335,6470,38.25,-119.233,10801,WALKER RIVER,4222049.953,130475.41704754333
BDG,1996,0.030691666666666662,6470,38.25,-119.233,10801,WALKER RIVER,4222049.953,129581.74980749164
BDG,1997,0.024341666666666668,6470,38.25,-119.233,10801,WALKER RIVER,4222049.953,102771.73260594167
BDG,1998,0.026373666666666667,6470,38.25,-119.233,10801,WALKER RIVER,4222049.953,111350.93811043767
BDG,1999,0.012932833333333333,6470,38.25,-119.233,10801,WALKER RIVER,4222049.953,54603.068367156826
BDG,2000,0.014605000000000002,6470,38.25,-119.233,10801,WALKER RIVER,4222049.953,61663.039563565006
BDG,2001,0.018033999999999998,6470,38.25,-119.233,10801,WALKER RIVER,4222049.953,76140.44885240198
BDG,2002,0.01648883333333333,6470,38.25,-119.233,10801,WALKER RIVER,4222049.953,69616.67800002483
BDG,2003,0.020425833333333334,6470,38.25,-119.233,10801,WALKER RIVER,4222049.953,86238.88866498583
BDG,2004,0.018923000000000002,6470,38.25,-119.233,10801,WALKER RIVER,4222049.953,79893.851260619
BDG,2005,0.03335866666666666,6470,38.25,-119.233,10801,WALKER RIVER,4222049.953,140841.95703214264
BDG,2006,0.023008166666666666,6470,38.25,-119.233,10801,WALKER RIVER,4222049.953,97141.62899361616
BDG,2007,0.018690166666666667,6470,38.25,-119.233,10801,WALKER RIVER,4222049.953,78910.81729656216
BDG,2008,0.023516166666666664,6470,38.25,-119.233,10801,WALKER RIVER,4222049.953,99286.43036974015
BDG,2009,0.020235333333333334,6470,38.25,-119.233,10801,WALKER RIVER,4222049.953,85434.58814893934
BDG,2010,0.03126316666666666,6470,38.25,-119.233,10801,WALKER RIVER,4222049.953,131994.65135563113
BDG,2011,0.015896166666666666,6470,38.25,-119.233,10801,WALKER RIVER,4222049.953,67114.40972788016
BDG,2012,0.0256032,6470,38.25,-119.233,10801,WALKER RIVER,4222049.953,108097.98935664959
BDG,2013,0.00889,6470,38.25,-119.233,10801,WALKER RIVER,4222049.953,37534.02408217
BDG,2014,0.01957916666666667,6470,38.25,-119.233,10801,WALKER RIVER,4222049.953,82664.21970477917
BDG,2015,0.015929428571428574,6470,38.25,-119.233,10801,WALKER RIVER,4222049.953,67254.84315131686
BDG,2016,0.025865666666666665,6470,38.25,-119.233,10801,WALKER RIVER,4222049.953,109206.13673431365
BDG,2017,0.044380727272727266,6470,38.25,-119.233,10801,WALKER RIVER,4222049.953,187377.64749592397
BDG,2018,0.014986,6470,38.25,-119.233,10801,WALKER RIVER,4222049.953,63271.64059565799
BDG,2019,0.025950333333333332,6470,38.25,-119.233,10801,WALKER RIVER,4222049.953,109563.60363033433
BDG,2020,0.013610166666666665,6470,38.25,-119.233,10801,WALKER RIVER,4222049.953,57462.80353532216
BDG,2021,0.028024666666666663,6470,38.25,-119.233,10801,WALKER RIVER,4222049.953,118321.54258284064
BDG,2022,0.016171333333333333,6470,38.25,-119.233,10801,WALKER RIVER,4222049.953,68276.17713994732
BDG,2023,0.030226000000000003,6470,38.25,-119.233,10801,WALKER RIVER,4222049.953,127615.68187937801
BDG,2024,0.027855333333333333,6470,38.25,-119.233,10801,WALKER RIVER,4222049.953,117606.60879079932
BIS,1949,0.008636,4140,37.35,-118.4,11001,OWENS RIVER,1748154525.0,15097062.477899998
BIS,1950,0.011112499999999999,4140,37.35,-118.4,11001,OWENS RIVER,1748154525.0,19426367.159062497
BIS,1951,0.013610166666666665,4140,37.35,-118.4,11001,OWENS RIVER,1748154525.0,23792674.444337495
BIS,1952,0.021378333333333333,4140,37.35,-118.4,11001,OWENS RIVER,1748154525.0,37372630.153625
BIS,1953,0.005461,4140,37.35,-118.4,11001,OWENS RIVER,1748154525.0,9546671.861025
BIS,1954,0.015218833333333332,4140,37.35,-118.4,11001,OWENS RIVER,1748154525.0,26604872.356887497
BIS,1955,0.01651,4140,37.35,-118.4,11001,OWENS RIVER,1748154525.0,28862031.20775
BIS,1956,0.009757833333333334,4140,37.35,-118.4,11001,OWENS RIVER,1748154525.0,17058200.4958625
BIS,1957,0.0141605,4140,37.35,-118.4,11001,OWENS RIVER,1748154525.0,24754742.1512625
BIS,1958,0.010075333333333334,4140,37.35,-118.4,11001,OWENS RIVER,1748154525.0,17613239.557550002
BIS,1959,0.008424333333333332,4140,37.35,-118.4,11001,OWENS RIVER,1748154525.0,14727036.436774999
BIS,1960,0.008720666666666666,4140,37.35,-118.4,11001,OWENS RIVER,1748154525.0,15245072.89435
BIS,1961,0.0047413333333333335,4140,37.35,-118.4,11001,OWENS RIVER,1748154525.0,8288583.3212
BIS,1962,0.016382999999999998,4140,37.35,-118.4,11001,OWENS RIVER,1748154525.0,28640015.583074998
BIS,1963,0.014456833333333334,4140,37.35,-118.4,11001,OWENS RIVER,1748154525.0,25272778.6088375
BIS,1964,0.005715,4140,37.35,-118.4,11001,OWENS RIVER,1748154525.0,9990703.110375
BIS,1965,0.013885333333333331,4140,37.35,-118.4,11001,OWENS RIVER,1748154525.0,24273708.297799997
BIS,1966,0.013821833333333334,4140,37.35,-118.4,11001,OWENS RIVER,1748154525.0,24162700.4854625
BIS,1967,0.009228666666666665,4140,37.35,-118.4,11001,OWENS RIVER,1748154525.0,16133135.393049996
BIS,1968,0.0038523333333333335,4140,37.35,-118.4,11001,OWENS RIVER,1748154525.0,6734473.948475
BIS,1969,0.03617383333333333,4140,37.35,-118.4,11001,OWENS RIVER,1748154525.0,63237450.428262495
BIS,1970,0.015113000000000001,4140,37.35,-118.4,11001,OWENS RIVER,1748154525.0,26419859.336325
BIS,1971,0.007768166666666666,4140,37.35,-118.4,11001,OWENS RIVER,1748154525.0,13579955.7092875
BIS,1972,0.005164666666666666,4140,37.35,-118.4,11001,OWENS RIVER,1748154525.0,9028635.40345
BIS,1973,0.016319499999999997,4140,37.35,-118.4,11001,OWENS RIVER,1748154525.0,28529007.770737495
BIS,1974,0.0113665,4140,37.35,-118.4,11001,OWENS RIVER,1748154525.0,19870398.4084125
BIS,1975,0.0053974999999999995,4140,37.35,-118.4,11001,OWENS RIVER,1748154525.0,9435664.048687499
BIS,1976,0.009863666666666666,4140,37.35,-118.4,11001,OWENS RIVER,1748154525.0,17243213.516425
BIS,1977,0.0167005,4140,37.35,-118.4,11001,OWENS RIVER,1748154525.0,29195054.6447625
BIS,1978,0.010075333333333334,4140,37.35,-118.4,11001,OWENS RIVER,1748154525.0,17613239.557550002
BIS,1979,0.005609166666666666,4140,37.35,-118.4,11001,OWENS RIVER,1748154525.0,9805690.089812499
BIS,1980,0.018923000000000002,4140,37.35,-118.4,11001,OWENS RIVER,1748154525.0,33080328.076575004
BIS,1981,0.027326166666666662,4140,37.35,-118.4,11001,OWENS RIVER,1748154525.0,47770361.90923749
BIS,1982,0.03572933333333333,4140,37.35,-118.4,11001,OWENS RIVER,1748154525.0,62460395.74189999
BIS,1983,0.01771072727272727,4140,37.35,-118.4,11001,OWENS RIVER,1748154525.0,30961088.022859085
BIS,1984,0.013673666666666666,4140,37.35,-118.4,11001,OWENS RIVER,1748154525.0,23903682.256674998
BIS,1985,0.008805333333333333,4140,37.35,-118.4,11001,OWENS RIVER,1748154525.0,15393083.310800001
BIS,1986,0.017250833333333333,4140,37.35,-118.4,11001,OWENS RIVER,1748154525.0,30157122.3516875
BIS,1987,0.010117666666666667,4140,37.35,-118.4,11001,OWENS RIVER,1748154525.0,17687244.765775003
BIS,1988,0.007365999999999999,4140,37.35,-118.4,11001,OWENS RIVER,1748154525.0,12876906.23115
BIS,1989,0.004042833333333333,4140,37.35,-118.4,11001,OWENS RIVER,1748154525.0,7067497.3854875
BIS,1990,0.007111999999999999,4140,37.35,-118.4,11001,OWENS RIVER,1748154525.0,12432874.9818
BIS,1991,0.0097155,4140,37.35,-118.4,11001,OWENS RIVER,1748154525.0,16984195.287637502
BIS,1992,0.010541,4140,37.35,-118.4,11001,OWENS RIVER,1748154525.0,18427296.848025
BIS,1993,0.012297833333333332,4140,37.35,-118.4,11001,OWENS RIVER,1748154525.0,21498512.989362497
BIS,1994,0.010075333333333334,4140,37.35,-118.4,11001,OWENS RIVER,1748154525.0,17613239.557550002
BIS,1995,0.025124833333333332,4140,37.35,-118.4,11001,OWENS RIVER,1748154525.0,43922091.0815375
BIS,1996,0.0159385,4140,37.35,-118.4,11001,OWENS RIVER,1748154525.0,27862960.8967125
BIS,1997,0.009757833333333334,4140,37.35,-118.4,11001,OWENS RIVER,1748154525.0,17058200.4958625
BIS,1998,0.020129499999999998,4140,37.35,-118.4,11001,OWENS RIVER,1748154525.0,35189476.5109875
BIS,1999,0.0049953333333333325,4140,37.35,-118.4,11001,OWENS RIVER,1748154525.0,8732614.570549998
BIS,2000,0.0055668333333333325,4140,37.35,-118.4,11001,OWENS RIVER,1748154525.0,9731684.881587498
BIS,2001,0.013165666666666666,4140,37.35,-118.4,11001,OWENS RIVER,1748154525.0,23015619.757974997
BIS,2002,0.008382,4140,37.35,-118.4,11001,OWENS RIVER,1748154525.0,14653031.22855
BIS,2003,0.008487833333333333,4140,37.35,-118.4,11001,OWENS RIVER,1748154525.0,14838044.2491125
BIS,2004,0.015345833333333331,4140,37.35,-118.4,11001,OWENS RIVER,1748154525.0,26826887.981562495
BIS,2005,0.021124333333333332,4140,37.35,-118.4,11001,OWENS RIVER,1748154525.0,36928598.904275
BIS,2006,0.017166166666666666,4140,37.35,-118.4,11001,OWENS RIVER,1748154525.0,30009111.9352375
BIS,2007,0.0028998333333333337,4140,37.35,-118.4,11001,OWENS RIVER,1748154525.0,5069356.763412501
BIS,2008,0.015599833333333332,4140,37.35,-118.4,11001,OWENS RIVER,1748154525.0,27270919.2309125
BIS,2009,0.008509,4140,37.35,-118.4,11001,OWENS RIVER,1748154525.0,14875046.853224998
BIS,2010,0.019536833333333333,4140,37.35,-118.4,11001,OWENS RIVER,1748154525.0,34153403.595837496
BIS,2011,0.006498166666666666,4140,37.35,-118.4,11001,OWENS RIVER,1748154525.0,11359799.4625375
BIS,2012,0.007535333333333334,4140,37.35,-118.4,11001,OWENS RIVER,1748154525.0,13172927.064050002
BIS,2013,0.0026785454545454543,4140,37.35,-118.4,11001,OWENS RIVER,1748154525.0,4682511.356781818
BIS,2014,0.006815666666666666,4140,37.35,-118.4,11001,OWENS RIVER,1748154525.0,11914838.524224998
BIS,2015,0.005863166666666667,4140,37.35,-118.4,11001,OWENS RIVER,1748154525.0,10249721.3391625
BIS,2016,0.007196666666666666,4140,37.35,-118.4,11001,OWENS RIVER,1748154525.0,12580885.398249999
BIS,2017,0.021484166666666665,4140,37.35,-118.4,11001,OWENS RIVER,1748154525.0,37557643.1741875
BIS,2018,0.012319,4140,37.35,-118.4,11001,OWENS RIVER,1748154525.0,21535515.593475
BIS,2019,0.019219333333333335,4140,37.35,-118.4,11001,OWENS RIVER,1748154525.0,33598364.534150004
BIS,2020,0.0033866666666666663,4140,37.35,-118.4,11001,OWENS RIVER,1748154525.0,5920416.657999999
BIS,2021,0.010541,4140,37.35,-118.4,11001,OWENS RIVER,1748154525.0,18427296.848025
BIS,2022,0.009927166666666666,4140,37.35,-118.4,11001,OWENS RIVER,1748154525.0,17354221.328762498
BIS,2023,0.029612166666666665,4140,37.35,-118.4,11001,OWENS RIVER,1748154525.0,51766643.153387494
BIS,2024,0.025971499999999998,4140,37.35,-118.4,11001,OWENS RIVER,1748154525.0,45402195.2460375
BPT,2002,0.03623733333333334,6650,38.272,-119.289,10801,WALKER RIVER,0.0,0.0
BPT,2003,0.016594666666666667,6650,38.272,-119.289,10801,WALKER RIVER,0.0,0.0
BPT,2004,0.015028333333333333,6650,38.272,-119.289,10801,WALKER RIVER,0.0,0.0
BPT,2005,0.036512499999999996,6650,38.272,-119.289,10801,WALKER RIVER,0.0,0.0
BPT,2006,0.013271499999999999,6650,38.272,-119.289,10801,WALKER RIVER,0.0,0.0
BPT,2007,0.0062865,6650,38.272,-119.289,10801,WALKER RIVER,0.0,0.0
BPT,2008,0.011472333333333333,6650,38.272,-119.289,10801,WALKER RIVER,0.0,0.0
BPT,2009,0.021971,6650,38.272,-119.289,10801,WALKER RIVER,0.0,0.0
BPT,2010,0.02715683333333333,6650,38.272,-119.289,10801,WALKER RIVER,0.0,0.0
BPT,2011,0.015536333333333333,6650,38.272,-119.289,10801,WALKER RIVER,0.0,0.0
BPT,2012,0.03268133333333333,6650,38.272,-119.289,10801,WALKER RIVER,0.0,0.0
BPT,2013,0.009289142857142857,6650,38.272,-119.289,10801,WALKER RIVER,0.0,0.0
BPT,2014,0.019303999999999998,6650,38.272,-119.289,10801,WALKER RIVER,0.0,0.0
BPT,2015,0.020341166666666664,6650,38.272,-119.289,10801,WALKER RIVER,0.0,0.0
BPT,2016,0.025844499999999996,6650,38.272,-119.289,10801,WALKER RIVER,0.0,0.0
BPT,2017,0.04754033333333334,6650,38.272,-119.289,10801,WALKER RIVER,0.0,0.0
BPT,2018,0.023579666666666665,6650,38.272,-119.289,10801,WALKER RIVER,0.0,0.0
BPT,2019,0.019071166666666667,6650,38.272,-119.289,10801,WALKER RIVER,0.0,0.0
BPT,2020,0.010900833333333334,6650,38.272,-119.289,10801,WALKER RIVER,0.0,0.0
BPT,2021,0.007916333333333334,6650,38.272,-119.289,10801,WALKER RIVER,0.0,0.0
BPT,2022,0.0013123333333333333,6650,38.272,-119.289,10801,WALKER RIVER,0.0,0.0
BPT,2023,0.03242733333333333,6650,38.272,-119.289,10801,WALKER RIVER,0.0,0.0
BPT,2024,0.019621499999999997,6650,38.272,-119.289,10801,WALKER RIVER,0.0,0.0
CRC,1982,0.052747333333333334,6800,37.583,-118.7,11001,OWENS RIVER,2621944334.0,138300571.76694268
CRC,1983,0.035213636363636364,6800,37.583,-118.7,11001,OWENS RIVER,2621944334.0,92328194.34317273
CRC,1984,0.017250833333333333,6800,37.583,-118.7,11001,OWENS RIVER,2621944334.0,45230724.715111665
CRC,1985,0.01693333333333333,6800,37.583,-118.7,11001,OWENS RIVER,2621944334.0,44398257.38906666
CRC,1986,0.026966333333333335,6800,37.583,-118.7,11001,OWENS RIVER,2621944334.0,70704224.89208867
CRC,1987,0.016552333333333336,6800,37.583,-118.7,11001,OWENS RIVER,2621944334.0,43399296.597812675
CRC,1988,0.0151765,6800,37.583,-118.7,11001,OWENS RIVER,2621944334.0,39791938.184951
CRC,1989,0.009419166666666666,6800,37.583,-118.7,11001,OWENS RIVER,2621944334.0,24696530.67266833
CRC,1990,0.008741833333333332,6800,37.583,-118.7,11001,OWENS RIVER,2621944334.0,22920600.377105664
CRC,1991,0.020764499999999998,6800,37.583,-118.7,11001,OWENS RIVER,2621944334.0,54443363.123343
CRC,1992,0.018542,6800,37.583,-118.7,11001,OWENS RIVER,2621944334.0,48616091.841028
CRC,1993,0.0334645,6800,37.583,-118.7,11001,OWENS RIVER,2621944334.0,87742056.165143
CRC,1994,0.013186833333333333,6800,37.583,-118.7,11001,OWENS RIVER,2621944334.0,34575142.94173567
CRC,1995,0.03757083333333333,6800,37.583,-118.7,11001,OWENS RIVER,2621944334.0,98508633.58199166
CRC,1996,0.029972,6800,37.583,-118.7,11001,OWENS RIVER,2621944334.0,78584915.578648
CRC,1997,0.024638,6800,37.583,-118.7,11001,OWENS RIVER,2621944334.0,64599464.501092
CRC,1998,0.028363333333333334,6800,37.583,-118.7,11001,OWENS RIVER,2621944334.0,74367081.12668666
CRC,1999,0.0117475,6800,37.583,-118.7,11001,OWENS RIVER,2621944334.0,30801291.063665
CRC,2000,0.013462,6800,37.583,-118.7,11001,OWENS RIVER,2621944334.0,35296614.624308
CRC,2001,0.01902883333333333,6800,37.583,-118.7,11001,OWENS RIVER,2621944334.0,49892541.74096366
CRC,2002,0.017187333333333336,6800,37.583,-118.7,11001,OWENS RIVER,2621944334.0,45064231.24990267
CRC,2003,0.015007166666666665,6800,37.583,-118.7,11001,OWENS RIVER,2621944334.0,39347955.61106033
CRC,2004,0.016234833333333334,6800,37.583,-118.7,11001,OWENS RIVER,2621944334.0,42566829.27176767
CRC,2005,0.025315333333333332,6800,37.583,-118.7,11001,OWENS RIVER,2621944334.0,66375394.796654664
CRC,2006,0.022457833333333333,6800,37.583,-118.7,11001,OWENS RIVER,2621944334.0,58883188.862249665
CRC,2007,0.010033,6800,37.583,-118.7,11001,OWENS RIVER,2621944334.0,26305967.503022
CRC,2008,0.018414999999999997,6800,37.583,-118.7,11001,OWENS RIVER,2621944334.0,48283104.91060999
CRC,2009,0.020552833333333333,6800,37.583,-118.7,11001,OWENS RIVER,2621944334.0,53888384.90597966
CRC,2010,0.03583516666666667,6800,37.583,-118.7,11001,OWENS RIVER,2621944334.0,93957812.19961233
CRC,2011,0.016996833333333336,6800,37.583,-118.7,11001,OWENS RIVER,2621944334.0,44564750.85427567
CRC,2012,0.012424833333333333,6800,37.583,-118.7,11001,OWENS RIVER,2621944334.0,32577221.359227665
CRC,2013,0.0026323636363636367,6800,37.583,-118.7,11001,OWENS RIVER,2621944334.0,6901910.921391274
CRC,2014,0.011070166666666666,6800,37.583,-118.7,11001,OWENS RIVER,2621944334.0,29025360.76810233
CRC,2015,0.014562666666666666,6800,37.583,-118.7,11001,OWENS RIVER,2621944334.0,38182501.35459733
CRC,2016,0.014139333333333332,6800,37.583,-118.7,11001,OWENS RIVER,2621944334.0,37072544.91987066
CRC,2017,0.043158833333333334,6800,37.583,-118.7,11001,OWENS RIVER,2621944334.0,113160058.52038367
CRC,2018,0.02734733333333333,6800,37.583,-118.7,11001,OWENS RIVER,2621944334.0,71703185.68334267
CRC,2019,0.03196166666666667,6800,37.583,-118.7,11001,OWENS RIVER,2621944334.0,83801710.82186335
CRC,2020,0.007958666666666666,6800,37.583,-118.7,11001,OWENS RIVER,2621944334.0,20867180.97286133
CRC,2021,0.024553333333333337,6800,37.583,-118.7,11001,OWENS RIVER,2621944334.0,64377473.21414667
CRC,2022,0.012467166666666668,6800,37.583,-118.7,11001,OWENS RIVER,2621944334.0,32688217.002700336
CRC,2023,0.038078833333333326,6800,37.583,-118.7,11001,OWENS RIVER,2621944334.0,99840581.30366364
CRC,2024,0.03268133333333334,6800,37.583,-118.7,11001,OWENS RIVER,2621944334.0,85688636.76089868
CTT,1949,0.007302500000000001,3775,36.417,-118.033,11001,OWENS RIVER,1333821447.0,9740231.1167175
CTT,1950,0.00635,3775,36.417,-118.033,11001,OWENS RIVER,1333821447.0,8469766.18845
CTT,1951,0.009588499999999998,3775,36.417,-118.033,11001,OWENS RIVER,1333821447.0,12789346.944559498
CTT,1952,0.016234833333333334,3775,36.417,-118.033,11001,OWENS RIVER,1333821447.0,21654368.8884705
CTT,1953,0.0033655,3775,36.417,-118.033,11001,OWENS RIVER,1333821447.0,4488976.0798785
CTT,1954,0.012742333333333331,3775,36.417,-118.033,11001,OWENS RIVER,1333821447.0,16995997.484822996
CTT,1955,0.005249333333333333,3775,36.417,-118.033,11001,OWENS RIVER,1333821447.0,7001673.382452
CTT,1956,0.007175499999999999,3775,36.417,-118.033,11001,OWENS RIVER,1333821447.0,9570835.792948497
CTT,1957,0.011832166666666666,3775,36.417,-118.033,11001,OWENS RIVER,1333821447.0,15781997.6644785
CTT,1958,0.0150495,3775,36.417,-118.033,11001,OWENS RIVER,1333821447.0,20073345.8666265
CTT,1959,0.005228166666666666,3775,36.417,-118.033,11001,OWENS RIVER,1333821447.0,6973440.8284904985
CTT,1960,0.011514666666666668,3775,36.417,-118.033,11001,OWENS RIVER,1333821447.0,15358509.355056
CTT,1961,0.0047413333333333335,3775,36.417,-118.033,11001,OWENS RIVER,1333821447.0,6324092.087376
CTT,1962,0.016319499999999997,3775,36.417,-118.033,11001,OWENS RIVER,1333821447.0,21767299.104316495
CTT,1963,0.015155333333333333,3775,36.417,-118.033,11001,OWENS RIVER,1333821447.0,20214508.636434
CTT,1964,0.0078105,3775,36.417,-118.033,11001,OWENS RIVER,1333821447.0,10417812.4117935
CTT,1965,0.013737166666666668,3775,36.417,-118.033,11001,OWENS RIVER,1333821447.0,18322927.521013502
CTT,1966,0.022669500000000002,3775,36.417,-118.033,11001,OWENS RIVER,1333821447.0,30237065.292766504
CTT,1967,0.015599833333333332,3775,36.417,-118.033,11001,OWENS RIVER,1333821447.0,20807392.2696255
CTT,1968,0.0064135,3775,36.417,-118.033,11001,OWENS RIVER,1333821447.0,8554463.850334499
CTT,1969,0.036893499999999996,3775,36.417,-118.033,11001,OWENS RIVER,1333821447.0,49209341.55489449
CTT,1970,0.012763499999999999,3775,36.417,-118.033,11001,OWENS RIVER,1333821447.0,17024230.0387845
CTT,1971,0.006900333333333333,3775,36.417,-118.033,11001,OWENS RIVER,1333821447.0,9203812.591449
CTT,1972,0.004529666666666667,3775,36.417,-118.033,11001,OWENS RIVER,1333821447.0,6041766.547761001
CTT,1973,0.01909233333333333,3775,36.417,-118.033,11001,OWENS RIVER,1333821447.0,25465763.673272993
CTT,1974,0.015324666666666667,3775,36.417,-118.033,11001,OWENS RIVER,1333821447.0,20440369.068126
CTT,1975,0.0066675,3775,36.417,-118.033,11001,OWENS RIVER,1333821447.0,8893254.4978725
CTT,1976,0.017420166666666667,3775,36.417,-118.033,11001,OWENS RIVER,1333821447.0,23235391.9103145
CTT,1977,0.012742333333333331,3775,36.417,-118.033,11001,OWENS RIVER,1333821447.0,16995997.484822996
CTT,1978,0.030670499999999993,3775,36.417,-118.033,11001,OWENS RIVER,1333821447.0,40908970.690213494
CTT,1979,0.013038666666666665,3775,36.417,-118.033,11001,OWENS RIVER,1333821447.0,17391253.240284
CTT,1980,0.027135666666666666,3775,36.417,-118.033,11001,OWENS RIVER,1333821447.0,36194134.178642996
CTT,1981,0.030331833333333336,3775,36.417,-118.033,11001,OWENS RIVER,1333821447.0,40457249.8268295
CTT,1982,0.033528,3775,36.417,-118.033,11001,OWENS RIVER,1333821447.0,44720365.475016005
CTT,1983,0.020689454545454546,3775,36.417,-118.033,11001,OWENS RIVER,1333821447.0,27596038.19945891
CTT,1984,0.013144499999999998,3775,36.417,-118.033,11001,OWENS RIVER,1333821447.0,17532416.0100915
CTT,1985,0.009165166666666667,3775,36.417,-118.033,11001,OWENS RIVER,1333821447.0,12224695.8653295
CTT,1986,0.018245666666666664,3775,36.417,-118.033,11001,OWENS RIVER,1333821447.0,24336461.514812995
CTT,1987,0.010498666666666667,3775,36.417,-118.033,11001,OWENS RIVER,1333821447.0,14003346.764904
CTT,1988,0.007323666666666667,3775,36.417,-118.033,11001,OWENS RIVER,1333821447.0,9768463.670679
CTT,1989,0.005884333333333333,3775,36.417,-118.033,11001,OWENS RIVER,1333821447.0,7848650.001297
CTT,1990,0.006392333333333332,3775,36.417,-118.033,11001,OWENS RIVER,1333821447.0,8526231.296372999
CTT,1991,0.013123333333333334,3775,36.417,-118.033,11001,OWENS RIVER,1333821447.0,17504183.45613
CTT,1992,0.019536833333333333,3775,36.417,-118.033,11001,OWENS RIVER,1333821447.0,26058647.3064645
CTT,1993,0.0083185,3775,36.417,-118.033,11001,OWENS RIVER,1333821447.0,11095393.7068695
CTT,1994,0.007852833333333333,3775,36.417,-118.033,11001,OWENS RIVER,1333821447.0,10474277.5197165
CTT,1995,0.0249555,3775,36.417,-118.033,11001,OWENS RIVER,1333821447.0,33286181.120608497
CTT,1996,0.015028333333333333,3775,36.417,-118.033,11001,OWENS RIVER,1333821447.0,20045113.312665
CTT,1997,0.015113000000000001,3775,36.417,-118.033,11001,OWENS RIVER,1333821447.0,20158043.528511003
CTT,1998,0.020785666666666668,3775,36.417,-118.033,11001,OWENS RIVER,1333821447.0,27724367.990193002
CTT,1999,0.006604,3775,36.417,-118.033,11001,OWENS RIVER,1333821447.0,8808556.835988
CTT,2000,0.008276166666666668,3775,36.417,-118.033,11001,OWENS RIVER,1333821447.0,11038928.5989465
CTT,2001,0.017166166666666666,3775,36.417,-118.033,11001,OWENS RIVER,1333821447.0,22896601.2627765
CTT,2002,0.018944166666666665,3775,36.417,-118.033,11001,OWENS RIVER,1333821447.0,25268135.795542497
CTT,2003,0.0106045,3775,36.417,-118.033,11001,OWENS RIVER,1333821447.0,14144509.534711499
CTT,2004,0.017674166666666664,3775,36.417,-118.033,11001,OWENS RIVER,1333821447.0,23574182.557852495
CTT,2005,0.025611666666666665,3775,36.417,-118.033,11001,OWENS RIVER,1333821447.0,34161390.293414995
CTT,2006,0.015896166666666666,3775,36.417,-118.033,11001,OWENS RIVER,1333821447.0,21202648.0250865
CTT,2007,0.0022013333333333334,3775,36.417,-118.033,11001,OWENS RIVER,1333821447.0,2936185.611996
CTT,2008,0.0064192727272727275,3775,36.417,-118.033,11001,OWENS RIVER,1333821447.0,8562163.637778545
CTT,2009,0.013461999999999997,3775,36.417,-118.033,11001,OWENS RIVER,1333821447.0,17955904.319513995
CTT,2010,0.023854833333333332,3775,36.417,-118.033,11001,OWENS RIVER,1333821447.0,31818088.3146105
CTT,2011,0.009546166666666665,3775,36.417,-118.033,11001,OWENS RIVER,1333821447.0,12732881.836636497
CTT,2012,0.009884833333333332,3775,36.417,-118.033,11001,OWENS RIVER,1333821447.0,13184602.700020498
CTT,2013,0.003348181818181818,3775,36.417,-118.033,11001,OWENS RIVER,1333821447.0,4465876.717546363
CTT,2014,0.008318499999999998,3775,36.417,-118.033,11001,OWENS RIVER,1333821447.0,11095393.706869498
CTT,2015,0.006561666666666667,3775,36.417,-118.033,11001,OWENS RIVER,1333821447.0,8752091.728065
CTT,2016,0.008022166666666667,3775,36.417,-118.033,11001,OWENS RIVER,1333821447.0,10700137.9514085
CTT,2017,0.0229235,3775,36.417,-118.033,11001,OWENS RIVER,1333821447.0,30575855.9403045
CTT,2018,0.005355166666666667,3775,36.417,-118.033,11001,OWENS RIVER,1333821447.0,7142836.152259501
CTT,2019,0.021865166666666665,3775,36.417,-118.033,11001,OWENS RIVER,1333821447.0,29164228.2422295
CTT,2020,0.008106833333333332,3775,36.417,-118.033,11001,OWENS RIVER,1333821447.0,10813068.167254498
CTT,2021,0.008678333333333331,3775,36.417,-118.033,11001,OWENS RIVER,1333821447.0,11575347.124214998
CTT,2022,0.011027833333333332,3775,36.417,-118.033,11001,OWENS RIVER,1333821447.0,14709160.613941498
CTT,2023,0.034036000000000004,3775,36.417,-118.033,11001,OWENS RIVER,1333821447.0,45397946.770092
CTT,2024,0.029802666666666665,3775,36.417,-118.033,11001,OWENS RIVER,1333821447.0,39751435.977791995
ERY,1949,0.031495999999999996,9645,37.93496704,-119.2322006,10901,MONO LAKE,472859485.3,14893182.349008799
ERY,1950,0.06225116666666666,9645,37.93496704,-119.2322006,10901,MONO LAKE,472859485.3,29436054.629324514
ERY,1951,0.04091516666666666,9645,37.93496704,-119.2322006,10901,MONO LAKE,472859485.3,19347124.650963716
ERY,1952,0.057784999999999996,9645,37.93496704,-119.2322006,10901,MONO LAKE,472859485.3,27324185.358060498
ERY,1953,0.038099999999999995,9645,37.93496704,-119.2322006,10901,MONO LAKE,472859485.3,18015946.38993
ERY,1954,0.038946666666666664,9645,37.93496704,-119.2322006,10901,MONO LAKE,472859485.3,18416300.754150666
ERY,1955,0.05820833333333333,9645,37.93496704,-119.2322006,10901,MONO LAKE,472859485.3,27524362.54017083
ERY,1956,0.029527499999999995,9645,37.93496704,-119.2322006,10901,MONO LAKE,472859485.3,13962358.452195749
ERY,1957,0.041656,9645,37.93496704,-119.2322006,10901,MONO LAKE,472859485.3,19697434.7196568
ERY,1958,0.0436245,9645,37.93496704,-119.2322006,10901,MONO LAKE,472859485.3,20628258.61646985
ERY,1959,0.02842683333333333,9645,37.93496704,-119.2322006,10901,MONO LAKE,472859485.3,13441897.778708883
ERY,1960,0.04893733333333333,9645,37.93496704,-119.2322006,10901,MONO LAKE,472859485.3,23140482.251954533
ERY,1961,0.03680883333333333,9645,37.93496704,-119.2322006,10901,MONO LAKE,472859485.3,17405405.984493483
ERY,1962,0.04588933333333333,9645,37.93496704,-119.2322006,10901,MONO LAKE,472859485.3,21699206.540760133
ERY,1963,0.07228416666666666,9645,37.93496704,-119.2322006,10901,MONO LAKE,472859485.3,34180253.84533942
ERY,1964,0.06493933333333334,9645,37.93496704,-119.2322006,10901,MONO LAKE,472859485.3,30707179.735725135
ERY,1965,0.050249666666666665,9645,37.93496704,-119.2322006,10901,MONO LAKE,472859485.3,23761031.516496565
ERY,1966,0.0393065,9645,37.93496704,-119.2322006,10901,MONO LAKE,472859485.3,18586451.35894445
ERY,1967,0.0570865,9645,37.93496704,-119.2322006,10901,MONO LAKE,472859485.3,26993893.00757845
ERY,1968,0.044407666666666665,9645,37.93496704,-119.2322006,10901,MONO LAKE,472859485.3,20998586.403373968
ERY,1969,0.060325,9645,37.93496704,-119.2322006,10901,MONO LAKE,472859485.3,28525248.4507225
ERY,1970,0.05698066666666667,9645,37.93496704,-119.2322006,10901,MONO LAKE,472859485.3,26943848.71205087
ERY,1971,0.055202666666666664,9645,37.93496704,-119.2322006,10901,MONO LAKE,472859485.3,26103104.547187466
ERY,1972,0.03418416666666666,9645,37.93496704,-119.2322006,10901,MONO LAKE,472859485.3,16164307.455409415
ERY,1973,0.061341,9645,37.93496704,-119.2322006,10901,MONO LAKE,472859485.3,29005673.6877873
ERY,1974,0.043222333333333335,9645,37.93496704,-119.2322006,10901,MONO LAKE,472859485.3,20438090.293465033
ERY,1975,0.052408666666666666,9645,37.93496704,-119.2322006,10901,MONO LAKE,472859485.3,24781935.14525927
ERY,1976,0.02722033333333333,9645,37.93496704,-119.2322006,10901,MONO LAKE,472859485.3,12871392.809694432
ERY,1977,0.0438785,9645,37.93496704,-119.2322006,10901,MONO LAKE,472859485.3,20748364.92573605
ERY,1978,0.057276999999999995,9645,37.93496704,-119.2322006,10901,MONO LAKE,472859485.3,27083972.739528097
ERY,1979,0.05850466666666666,9645,37.93496704,-119.2322006,10901,MONO LAKE,472859485.3,27664486.567648064
ERY,1980,0.08263466666666666,9645,37.93496704,-119.2322006,10901,MONO LAKE,472859485.3,39074585.947937064
ERY,1981,0.05941483333333333,9645,37.93496704,-119.2322006,10901,MONO LAKE,472859485.3,28094867.509185284
ERY,1982,0.10511366666666665,9645,37.93496704,-119.2322006,10901,MONO LAKE,472859485.3,49703994.31799576
ERY,1983,0.10286999999999999,9645,37.93496704,-119.2322006,10901,MONO LAKE,472859485.3,48643055.252811
ERY,1984,0.05376333333333333,9645,37.93496704,-119.2322006,10901,MONO LAKE,472859485.3,25422502.128012333
ERY,1985,0.044788666666666664,9645,37.93496704,-119.2322006,10901,MONO LAKE,472859485.3,21178745.867273267
ERY,1986,0.053001333333333324,9645,37.93496704,-119.2322006,10901,MONO LAKE,472859485.3,25062183.20021373
ERY,1987,0.043137666666666664,9645,37.93496704,-119.2322006,10901,MONO LAKE,472859485.3,20398054.857042965
ERY,1988,0.04212166666666666,9645,37.93496704,-119.2322006,10901,MONO LAKE,472859485.3,19917629.619978163
ERY,1989,0.040005,9645,37.93496704,-119.2322006,10901,MONO LAKE,472859485.3,18916743.7094265
ERY,1990,0.032512,9645,37.93496704,-119.2322006,10901,MONO LAKE,472859485.3,15373607.5860736
ERY,1991,0.0424815,9645,37.93496704,-119.2322006,10901,MONO LAKE,472859485.3,20087780.22477195
ERY,1992,0.04008966666666666,9645,37.93496704,-119.2322006,10901,MONO LAKE,472859485.3,18956779.145848565
ERY,1993,0.03306233333333333,9645,37.93496704,-119.2322006,10901,MONO LAKE,472859485.3,15633837.922817033
ERY,1994,0.046439666666666664,9645,37.93496704,-119.2322006,10901,MONO LAKE,472859485.3,21959436.877503566
ERY,1995,0.058144833333333326,9645,37.93496704,-119.2322006,10901,MONO LAKE,472859485.3,27494335.96285428
ERY,1996,0.08274050000000001,9645,37.93496704,-119.2322006,10901,MONO LAKE,472859485.3,39124630.243464656
ERY,1997,0.04673599999999999,9645,37.93496704,-119.2322006,10901,MONO LAKE,472859485.3,22099560.904980797
ERY,1998,0.06481233333333333,9645,37.93496704,-119.2322006,10901,MONO LAKE,472859485.3,30647126.581092034
ERY,1999,0.03852333333333333,9645,37.93496704,-119.2322006,10901,MONO LAKE,472859485.3,18216123.572040334
ERY,2000,0.041656,9645,37.93496704,-119.2322006,10901,MONO LAKE,472859485.3,19697434.7196568
ERY,2001,0.048598666666666665,9645,37.93496704,-119.2322006,10901,MONO LAKE,472859485.3,22980340.506266266
ERY,2002,0.035200166666666664,9645,37.93496704,-119.2322006,10901,MONO LAKE,472859485.3,16644732.692474216
ERY,2003,0.080899,9645,37.93496704,-119.2322006,10901,MONO LAKE,472859485.3,38253859.5012847
ERY,2004,0.03380316666666666,9645,37.93496704,-119.2322006,10901,MONO LAKE,472859485.3,15984147.991510116
ERY,2005,0.03937,9645,37.93496704,-119.2322006,10901,MONO LAKE,472859485.3,18616477.936261002
ERY,2006,0.016256,9645,37.93496704,-119.2322006,10901,MONO LAKE,472859485.3,7686803.7930368
ERY,2007,0.05003799999999999,9645,37.93496704,-119.2322006,10901,MONO LAKE,472859485.3,23660942.925441395
ERY,2008,0.08381999999999999,9645,37.93496704,-119.2322006,10901,MONO LAKE,472859485.3,39635082.057845995
ERY,2009,0.025463500000000003,9645,37.93496704,-119.2322006,10901,MONO LAKE,472859485.3,12040657.503936552
ERY,2010,0.0568325,9645,37.93496704,-119.2322006,10901,MONO LAKE,472859485.3,26873786.698312253
ERY,2011,0.0404495,9645,37.93496704,-119.2322006,10901,MONO LAKE,472859485.3,19126929.75064235
ERY,2012,0.04717472727272727,9645,37.93496704,-119.2322006,10901,MONO LAKE,472859485.3,22307017.257349692
ERY,2013,0.013081,9645,37.93496704,-119.2322006,10901,MONO LAKE,472859485.3,6185474.9272093
ERY,2014,0.033485666666666664,9645,37.93496704,-119.2322006,10901,MONO LAKE,472859485.3,15834015.104927365
ERY,2015,0.041190333333333336,9645,37.93496704,-119.2322006,10901,MONO LAKE,472859485.3,19477239.819335435
ERY,2016,0.048514,9645,37.93496704,-119.2322006,10901,MONO LAKE,472859485.3,22940305.0698442
ERY,2017,0.06167966666666666,9645,37.93496704,-119.2322006,10901,MONO LAKE,472859485.3,29165815.433475565
ERY,2018,0.042799,9645,37.93496704,-119.2322006,10901,MONO LAKE,472859485.3,20237913.111354697
ERY,2019,0.04595283333333334,9645,37.93496704,-119.2322006,10901,MONO LAKE,472859485.3,21729233.118076686
ERY,2020,0.0206375,9645,37.93496704,-119.2322006,10901,MONO LAKE,472859485.3,9758637.62787875
ERY,2021,0.04332816666666667,9645,37.93496704,-119.2322006,10901,MONO LAKE,472859485.3,20488134.588992618
ERY,2022,0.050588333333333325,9645,37.93496704,-119.2322006,10901,MONO LAKE,472859485.3,23921173.26218483
ERY,2023,0.09323916666666668,9645,37.93496704,-119.2322006,10901,MONO LAKE,472859485.3,44089024.35980092
ERY,2024,0.095631,9645,37.93496704,-119.2322006,10901,MONO LAKE,472859485.3,45220025.4387243
GLK,1949,0.023791333333333328,9054,37.752,-119.14,10901,MONO LAKE,831548852.9,19783655.942294862
GLK,1950,0.05350933333333334,9054,37.752,-119.14,10901,MONO LAKE,831548852.9,44495624.75277707
GLK,1951,0.03960283333333334,9054,37.752,-119.14,10901,MONO LAKE,831548852.9,32931690.629923217
GLK,1952,0.04654549999999999,9054,37.752,-119.14,10901,MONO LAKE,831548852.9,38704857.13265694
GLK,1953,0.022690666666666668,9054,37.752,-119.14,10901,MONO LAKE,831548852.9,18868397.838202935
GLK,1954,0.032808333333333335,9054,37.752,-119.14,10901,MONO LAKE,831548852.9,27281731.94889417
GLK,1955,0.044026666666666665,9054,37.752,-119.14,10901,MONO LAKE,831548852.9,36610324.163677335
GLK,1956,0.028934833333333333,9054,37.752,-119.14,10901,MONO LAKE,831548852.9,24060727.467186015
GLK,1957,0.029358166666666668,9054,37.752,-119.14,10901,MONO LAKE,831548852.9,24412749.814913683
GLK,1958,0.030733999999999997,9054,37.752,-119.14,10901,MONO LAKE,831548852.9,25556822.445028596
GLK,1959,0.028532666666666665,9054,37.752,-119.14,10901,MONO LAKE,831548852.9,23726306.23684473
GLK,1960,0.03553883333333333,9054,37.752,-119.14,10901,MONO LAKE,831548852.9,29552276.091737613
GLK,1961,0.026881666666666665,9054,37.752,-119.14,10901,MONO LAKE,831548852.9,22353419.08070683
GLK,1962,0.03888316666666667,9054,37.752,-119.14,10901,MONO LAKE,831548852.9,32333252.638786186
GLK,1963,0.051964166666666665,9054,37.752,-119.14,10901,MONO LAKE,831548852.9,43210743.18357108
GLK,1964,0.050207333333333326,9054,37.752,-119.14,10901,MONO LAKE,831548852.9,41749850.44050126
GLK,1965,0.058949166666666664,9054,37.752,-119.14,10901,MONO LAKE,831548852.9,49019111.92107758
GLK,1966,0.0302895,9054,37.752,-119.14,10901,MONO LAKE,831548852.9,25187198.97991455
GLK,1967,0.05643033333333333,9054,37.752,-119.14,10901,MONO LAKE,831548852.9,46924578.95209797
GLK,1968,0.032258,9054,37.752,-119.14,10901,MONO LAKE,831548852.9,26824102.8968482
GLK,1969,0.06258983333333333,9054,37.752,-119.14,10901,MONO LAKE,831548852.9,52046504.11153551
GLK,1970,0.04191,9054,37.752,-119.14,10901,MONO LAKE,831548852.9,34850212.425039
GLK,1971,0.042926000000000006,9054,37.752,-119.14,10901,MONO LAKE,831548852.9,35695066.05958541
GLK,1972,0.027389666666666666,9054,37.752,-119.14,10901,MONO LAKE,831548852.9,22775845.89798003
GLK,1973,0.04665133333333333,9054,37.752,-119.14,10901,MONO LAKE,831548852.9,38792862.71958886
GLK,1974,0.036300833333333324,9054,37.752,-119.14,10901,MONO LAKE,831548852.9,30185916.31764741
GLK,1975,0.042650833333333325,9054,37.752,-119.14,10901,MONO LAKE,831548852.9,35466251.53356241
GLK,1976,0.024743833333333333,9054,37.752,-119.14,10901,MONO LAKE,831548852.9,20575706.224682115
GLK,1977,0.033633833333333335,9054,37.752,-119.14,10901,MONO LAKE,831548852.9,27968175.52696312
GLK,1978,0.0545465,9054,37.752,-119.14,10901,MONO LAKE,831548852.9,45358079.50470985
GLK,1979,0.0414655,9054,37.752,-119.14,10901,MONO LAKE,831548852.9,34480588.95992495
GLK,1980,0.0629285,9054,37.752,-119.14,10901,MONO LAKE,831548852.9,52328121.98971765
GLK,1981,0.044196,9054,37.752,-119.14,10901,MONO LAKE,831548852.9,36751133.1027684
GLK,1982,0.09889066666666665,9054,37.752,-119.14,10901,MONO LAKE,831548852.9,82232420.42918292
GLK,1983,0.08638116666666666,9054,37.752,-119.14,10901,MONO LAKE,831548852.9,71830160.05383037
GLK,1984,0.035327166666666666,9054,37.752,-119.14,10901,MONO LAKE,831548852.9,29376264.91787378
GLK,1985,0.04262966666666667,9054,37.752,-119.14,10901,MONO LAKE,831548852.9,35448650.416176036
GLK,1986,0.046101,9054,37.752,-119.14,10901,MONO LAKE,831548852.9,38335233.667542905
GLK,1987,0.03132666666666667,9054,37.752,-119.14,10901,MONO LAKE,831548852.9,26049653.731847335
GLK,1988,0.029463999999999997,9054,37.752,-119.14,10901,MONO LAKE,831548852.9,24500755.401845597
GLK,1989,0.04174066666666666,9054,37.752,-119.14,10901,MONO LAKE,831548852.9,34709403.48594793
GLK,1990,0.029887333333333335,9054,37.752,-119.14,10901,MONO LAKE,831548852.9,24852777.749573268
GLK,1991,0.041571333333333335,9054,37.752,-119.14,10901,MONO LAKE,831548852.9,34568594.546856865
GLK,1992,0.0390525,9054,37.752,-119.14,10901,MONO LAKE,831548852.9,32474061.577877246
GLK,1993,0.04216399999999999,9054,37.752,-119.14,10901,MONO LAKE,831548852.9,35061425.83367559
GLK,1994,0.03329516666666667,9054,37.752,-119.14,10901,MONO LAKE,831548852.9,27686557.648780983
GLK,1995,0.05909733333333333,9054,37.752,-119.14,10901,MONO LAKE,831548852.9,49142319.74278226
GLK,1996,0.06214533333333333,9054,37.752,-119.14,10901,MONO LAKE,831548852.9,51676880.64642146
GLK,1997,0.0282575,9054,37.752,-119.14,10901,MONO LAKE,831548852.9,23497491.71082175
GLK,1998,0.044809833333333327,9054,37.752,-119.14,10901,MONO LAKE,831548852.9,37261565.50697351
GLK,1999,0.03260725,9054,37.752,-119.14,10901,MONO LAKE,831548852.9,27114521.333723523
GLK,2000,0.03253316666666666,9054,37.752,-119.14,10901,MONO LAKE,831548852.9,27052917.42287118
GLK,2001,0.07571316666666666,9054,37.752,-119.14,10901,MONO LAKE,831548852.9,62959196.89109318
GLK,2002,0.0398018,9054,37.752,-119.14,10901,MONO LAKE,831548852.9,33097141.13335522
GLK,2003,0.020447,9054,37.752,-119.14,10901,MONO LAKE,831548852.9,17002679.3952463
GLK,2004,0.017469555555555558,9054,37.752,-119.14,10901,MONO LAKE,831548852.9,14526788.882895045
GLK,2005,0.013102166666666666,9054,37.752,-119.14,10901,MONO LAKE,831548852.9,10895091.662171284
GLK,2006,0.008734777777777779,9054,37.752,-119.14,10901,MONO LAKE,831548852.9,7263394.4414475225
GLK,2007,0.004367388888888889,9054,37.752,-119.14,10901,MONO LAKE,831548852.9,3631697.2207237612
GLK,2008,0.0,9054,37.752,-119.14,10901,MONO LAKE,831548852.9,0.0
GLK,2009,0.03713018181818181,9054,37.752,-119.14,10901,MONO LAKE,831548852.9,30875560.098877523
GLK,2010,0.05588,9054,37.752,-119.14,10901,MONO LAKE,831548852.9,46466949.900051996
GLK,2011,0.02837872727272727,9054,37.752,-119.14,10901,MONO LAKE,831548852.9,23598298.110398307
GLK,2012,0.04070927272727272,9054,37.752,-119.14,10901,MONO LAKE,831548852.9,33851749.038756885
GLK,2013,0.012192,9054,37.752,-119.14,10901,MONO LAKE,831548852.9,10138243.614556799
GLK,2014,0.025230666666666665,9054,37.752,-119.14,10901,MONO LAKE,831548852.9,20980531.924568933
GLK,2015,0.02421466666666667,9054,37.752,-119.14,10901,MONO LAKE,831548852.9,20135678.290022533
GLK,2016,0.033485666666666664,9054,37.752,-119.14,10901,MONO LAKE,831548852.9,27844967.70525843
GLK,2017,0.056133999999999996,9054,37.752,-119.14,10901,MONO LAKE,831548852.9,46678163.308688596
GLK,2018,0.0375285,9054,37.752,-119.14,10901,MONO LAKE,831548852.9,31206781.126057647
GLK,2019,0.05065183333333333,9054,37.752,-119.14,10901,MONO LAKE,831548852.9,42119473.905615315
GLK,2020,0.01778,9054,37.752,-119.14,10901,MONO LAKE,831548852.9,14784938.604562
GLK,2021,0.03331633333333334,9054,37.752,-119.14,10901,MONO LAKE,831548852.9,27704158.76616737
GLK,2022,0.05209116666666666,9054,37.752,-119.14,10901,MONO LAKE,831548852.9,43316349.88788938
GLK,2023,0.08672688888888887,9054,37.752,-119.14,10901,MONO LAKE,831548852.9,72117644.9711413
GLK,2024,0.139065,9054,37.752,-119.14,10901,MONO LAKE,831548852.9,115639341.2285385
IPN,1949,0.005503333333333333,3950,36.798,-118.204,11001,OWENS RIVER,1635620155.0,9001362.919683333
IPN,1950,0.016150166666666663,3950,36.798,-118.204,11001,OWENS RIVER,1635620155.0,26415538.106609162
IPN,1951,0.013694833333333333,3950,36.798,-118.204,11001,OWENS RIVER,1635620155.0,22399545.419365834
IPN,1952,0.011662833333333332,3950,36.798,-118.204,11001,OWENS RIVER,1635620155.0,19075965.26440583
IPN,1953,0.0038523333333333326,3950,36.798,-118.204,11001,OWENS RIVER,1635620155.0,6300954.043778332
IPN,1954,0.0095885,3950,36.798,-118.204,11001,OWENS RIVER,1635620155.0,15683143.8562175
IPN,1955,0.012192,3950,36.798,-118.204,11001,OWENS RIVER,1635620155.0,19941480.929759998
IPN,1956,0.008953500000000001,3950,36.798,-118.204,11001,OWENS RIVER,1635620155.0,14644525.057792502
IPN,1957,0.013716,3950,36.798,-118.204,11001,OWENS RIVER,1635620155.0,22434166.045980003
IPN,1958,0.010033,3950,36.798,-118.204,11001,OWENS RIVER,1635620155.0,16410177.015115
IPN,1959,0.004212166666666666,3950,36.798,-118.204,11001,OWENS RIVER,1635620155.0,6889504.696219166
IPN,1960,0.007831666666666666,3950,36.798,-118.204,11001,OWENS RIVER,1635620155.0,12809631.847241664
IPN,1961,0.0040005,3950,36.798,-118.204,11001,OWENS RIVER,1635620155.0,6543298.4300775
IPN,1962,0.013843000000000001,3950,36.798,-118.204,11001,OWENS RIVER,1635620155.0,22641889.805665
IPN,1963,0.021717,3950,36.798,-118.204,11001,OWENS RIVER,1635620155.0,35520762.906135
IPN,1964,0.004762499999999999,3950,36.798,-118.204,11001,OWENS RIVER,1635620155.0,7789640.988187499
IPN,1965,0.012911666666666665,3950,36.798,-118.204,11001,OWENS RIVER,1635620155.0,21118582.234641664
IPN,1966,0.022754166666666666,3950,36.798,-118.204,11001,OWENS RIVER,1635620155.0,37217173.610229164
IPN,1967,0.0079375,3950,36.798,-118.204,11001,OWENS RIVER,1635620155.0,12982734.9803125
IPN,1968,0.003302,3950,36.798,-118.204,11001,OWENS RIVER,1635620155.0,5400817.751809999
IPN,1969,0.03342216666666667,3950,36.798,-118.204,11001,OWENS RIVER,1635620155.0,54665969.42376917
IPN,1970,0.023452666666666667,3950,36.798,-118.204,11001,OWENS RIVER,1635620155.0,38359654.288496666
IPN,1971,0.005757333333333334,3950,36.798,-118.204,11001,OWENS RIVER,1635620155.0,9416810.439053334
IPN,1972,0.004402666666666667,3950,36.798,-118.204,11001,OWENS RIVER,1635620155.0,7201090.335746666
IPN,1973,0.0141605,3950,36.798,-118.204,11001,OWENS RIVER,1635620155.0,23161199.2048775
IPN,1974,0.01134533333333333,3950,36.798,-118.204,11001,OWENS RIVER,1635620155.0,18556655.86519333
IPN,1975,0.0044238333333333334,3950,36.798,-118.204,11001,OWENS RIVER,1635620155.0,7235710.962360834
IPN,1976,0.0146685,3950,36.798,-118.204,11001,OWENS RIVER,1635620155.0,23992094.243617497
IPN,1977,0.012594166666666667,3950,36.798,-118.204,11001,OWENS RIVER,1635620155.0,20599272.835429166
IPN,1978,0.020616333333333334,3950,36.798,-118.204,11001,OWENS RIVER,1635620155.0,33720490.32219833
IPN,1979,0.0056303333333333335,3950,36.798,-118.204,11001,OWENS RIVER,1635620155.0,9209086.679368334
IPN,1980,0.018330333333333334,3950,36.798,-118.204,11001,OWENS RIVER,1635620155.0,29981462.647868335
IPN,1981,0.01649941666666667,3950,36.798,-118.204,11001,OWENS RIVER,1635620155.0,26986778.44574292
IPN,1982,0.0146685,3950,36.798,-118.204,11001,OWENS RIVER,1635620155.0,23992094.243617497
IPN,1983,0.012837583333333331,3950,36.798,-118.204,11001,OWENS RIVER,1635620155.0,20997410.04149208
IPN,1984,0.011006666666666666,3950,36.798,-118.204,11001,OWENS RIVER,1635620155.0,18002725.839366667
IPN,1985,0.008953500000000001,3950,36.798,-118.204,11001,OWENS RIVER,1635620155.0,14644525.057792502
IPN,1986,0.018330333333333334,3950,36.798,-118.204,11001,OWENS RIVER,1635620155.0,29981462.647868335
IPN,1987,0.0058843333333333326,3950,36.798,-118.204,11001,OWENS RIVER,1635620155.0,9624534.198738333
IPN,1988,0.007535333333333334,3950,36.798,-118.204,11001,OWENS RIVER,1635620155.0,12324943.074643334
IPN,1989,0.0033443333333333337,3950,36.798,-118.204,11001,OWENS RIVER,1635620155.0,5470059.005038334
IPN,1990,0.0017991666666666666,3950,36.798,-118.204,11001,OWENS RIVER,1635620155.0,2942753.2622041665
IPN,1991,0.013059833333333335,3950,36.798,-118.204,11001,OWENS RIVER,1635620155.0,21360926.620940834
IPN,1992,0.009567333333333334,3950,36.798,-118.204,11001,OWENS RIVER,1635620155.0,15648523.229603333
IPN,1993,0.013461999999999997,3950,36.798,-118.204,11001,OWENS RIVER,1635620155.0,22018718.526609994
IPN,1994,0.004783666666666667,3950,36.798,-118.204,11001,OWENS RIVER,1635620155.0,7824261.614801667
IPN,1995,0.021230166666666668,3950,36.798,-118.204,11001,OWENS RIVER,1635620155.0,34724488.49400917
IPN,1996,0.021971,3950,36.798,-118.204,11001,OWENS RIVER,1635620155.0,35936210.425505005
IPN,1997,0.013631333333333334,3950,36.798,-118.204,11001,OWENS RIVER,1635620155.0,22295683.539523333
IPN,1998,0.018668999999999998,3950,36.798,-118.204,11001,OWENS RIVER,1635620155.0,30535392.673694998
IPN,1999,0.004085166666666667,3950,36.798,-118.204,11001,OWENS RIVER,1635620155.0,6681780.936534166
IPN,2000,0.0034501666666666665,3950,36.798,-118.204,11001,OWENS RIVER,1635620155.0,5643162.138109166
IPN,2001,0.008932333333333332,3950,36.798,-118.204,11001,OWENS RIVER,1635620155.0,14609904.431178331
IPN,2002,0.013779500000000002,3950,36.798,-118.204,11001,OWENS RIVER,1635620155.0,22538027.925822504
IPN,2003,0.008847666666666667,3950,36.798,-118.204,11001,OWENS RIVER,1635620155.0,14471421.924721668
IPN,2004,0.0126365,3950,36.798,-118.204,11001,OWENS RIVER,1635620155.0,20668514.088657502
IPN,2005,0.017716499999999996,3950,36.798,-118.204,11001,OWENS RIVER,1635620155.0,28977464.476057492
IPN,2006,0.010202333333333332,3950,36.798,-118.204,11001,OWENS RIVER,1635620155.0,16687142.028028332
IPN,2007,0.006328833333333333,3950,36.798,-118.204,11001,OWENS RIVER,1635620155.0,10351567.357635833
IPN,2008,0.010667999999999999,3950,36.798,-118.204,11001,OWENS RIVER,1635620155.0,17448795.813539997
IPN,2009,0.009122833333333333,3950,36.798,-118.204,11001,OWENS RIVER,1635620155.0,14921490.070705833
IPN,2010,0.02118783333333333,3950,36.798,-118.204,11001,OWENS RIVER,1635620155.0,34655247.24078083
IPN,2011,0.004953000000000001,3950,36.798,-118.204,11001,OWENS RIVER,1635620155.0,8101226.627715001
IPN,2012,0.008424333333333334,3950,36.798,-118.204,11001,OWENS RIVER,1635620155.0,13779009.392438335
IPN,2013,0.006765636363636363,3950,36.798,-118.204,11001,OWENS RIVER,1635620155.0,11066011.197764546
IPN,2014,0.0080645,3950,36.798,-118.204,11001,OWENS RIVER,1635620155.0,13190458.7399975
IPN,2015,0.005799666666666667,3950,36.798,-118.204,11001,OWENS RIVER,1635620155.0,9486051.692281667
IPN,2016,0.006815666666666666,3950,36.798,-118.204,11001,OWENS RIVER,1635620155.0,11147841.769761665
IPN,2017,0.026013833333333333,3950,36.798,-118.204,11001,OWENS RIVER,1635620155.0,42548750.108810835
IPN,2018,0.006138333333333333,3950,36.798,-118.204,11001,OWENS RIVER,1635620155.0,10039981.718108334
IPN,2019,0.021230166666666665,3950,36.798,-118.204,11001,OWENS RIVER,1635620155.0,34724488.49400916
IPN,2020,0.007281333333333333,3950,36.798,-118.204,11001,OWENS RIVER,1635620155.0,11909495.555273334
IPN,2021,0.007154333333333333,3950,36.798,-118.204,11001,OWENS RIVER,1635620155.0,11701771.795588333
IPN,2022,0.004614333333333332,3950,36.798,-118.204,11001,OWENS RIVER,1635620155.0,7547296.601888332
IPN,2023,0.028575,3950,36.798,-118.204,11001,OWENS RIVER,1635620155.0,46737845.929124996
IPN,2024,0.015070666666666668,3950,36.798,-118.204,11001,OWENS RIVER,1635620155.0,24649886.14928667
SBN,1949,0.03888316666666667,9065,37.217,-118.617,11001,OWENS RIVER,366967773.8,14268869.109961035
SBN,1950,0.04339166666666666,9065,37.217,-118.617,11001,OWENS RIVER,366967773.8,15923343.318138331
SBN,1951,0.03367616666666667,9065,37.217,-118.617,11001,OWENS RIVER,366967773.8,12358067.911784435
SBN,1952,0.046609,9065,37.217,-118.617,11001,OWENS RIVER,366967773.8,17104000.9690442
SBN,1953,0.022415499999999998,9065,37.217,-118.617,11001,OWENS RIVER,366967773.8,8225766.133613899
SBN,1954,0.036067999999999996,9065,37.217,-118.617,11001,OWENS RIVER,366967773.8,13235793.6654184
SBN,1955,0.05806016666666666,9065,37.217,-118.617,11001,OWENS RIVER,366967773.8,21306210.108123634
SBN,1956,0.022521333333333334,9065,37.217,-118.617,11001,OWENS RIVER,366967773.8,8264603.556341067
SBN,1957,0.03496733333333333,9065,37.217,-118.617,11001,OWENS RIVER,366967773.8,12831884.469055865
SBN,1958,0.03369733333333333,9065,37.217,-118.617,11001,OWENS RIVER,366967773.8,12365835.396329865
SBN,1959,0.023389166666666666,9065,37.217,-118.617,11001,OWENS RIVER,366967773.8,8583070.422703832
SBN,1960,0.026881666666666665,9065,37.217,-118.617,11001,OWENS RIVER,366967773.8,9864705.372700334
SBN,1961,0.023092833333333333,9065,37.217,-118.617,11001,OWENS RIVER,366967773.8,8474325.639067767
SBN,1962,0.0320675,9065,37.217,-118.617,11001,OWENS RIVER,366967773.8,11767739.0863315
SBN,1963,0.050334333333333335,9065,37.217,-118.617,11001,OWENS RIVER,366967773.8,18471078.24904047
SBN,1964,0.016256,9065,37.217,-118.617,11001,OWENS RIVER,366967773.8,5965428.1308928
SBN,1965,0.01807633333333333,9065,37.217,-118.617,11001,OWENS RIVER,366967773.8,6633431.801800066
SBN,1966,0.017356666666666663,9065,37.217,-118.617,11001,OWENS RIVER,366967773.8,6369337.327255332
SBN,1967,0.03704166666666666,9065,37.217,-118.617,11001,OWENS RIVER,366967773.8,13593097.95450833
SBN,1968,0.06307666666666666,9065,37.217,-118.617,11001,OWENS RIVER,366967773.8,23147103.94539133
SBN,1969,0.05850466666666665,9065,37.217,-118.617,11001,OWENS RIVER,366967773.8,21469327.28357773
SBN,1970,0.05393266666666666,9065,37.217,-118.617,11001,OWENS RIVER,366967773.8,19791550.62176413
SBN,1971,0.04936066666666666,9065,37.217,-118.617,11001,OWENS RIVER,366967773.8,18113773.95995053
SBN,1972,0.044788666666666664,9065,37.217,-118.617,11001,OWENS RIVER,366967773.8,16435997.298136933
SBN,1973,0.040216666666666664,9065,37.217,-118.617,11001,OWENS RIVER,366967773.8,14758220.636323333
SBN,1974,0.035644666666666665,9065,37.217,-118.617,11001,OWENS RIVER,366967773.8,13080443.974509733
SBN,1975,0.027516666666666665,9065,37.217,-118.617,11001,OWENS RIVER,366967773.8,10097729.909063334
SBN,1976,0.024849666666666666,9065,37.217,-118.617,11001,OWENS RIVER,366967773.8,9119026.856338734
SBN,1977,0.04332816666666667,9065,37.217,-118.617,11001,OWENS RIVER,366967773.8,15900040.864502035
SBN,1978,0.030649333333333334,9065,37.217,-118.617,11001,OWENS RIVER,366967773.8,11247317.621787468
SBN,1979,0.033401,9065,37.217,-118.617,11001,OWENS RIVER,366967773.8,12257090.6126938
SBN,1980,0.05293783333333333,9065,37.217,-118.617,11001,OWENS RIVER,366967773.8,19426478.848128766
SBN,1981,0.06439958333333333,9065,37.217,-118.617,11001,OWENS RIVER,366967773.8,23632571.729480915
SBN,1982,0.07586133333333334,9065,37.217,-118.617,11001,OWENS RIVER,366967773.8,27838664.610833067
SBN,1983,0.049460727272727274,9065,37.217,-118.617,11001,OWENS RIVER,366967773.8,18150492.977801673
SBN,1984,0.037465,9065,37.217,-118.617,11001,OWENS RIVER,366967773.8,13748447.645417
SBN,1985,0.029929666666666667,9065,37.217,-118.617,11001,OWENS RIVER,366967773.8,10983223.147242734
SBN,1986,0.03788833333333333,9065,37.217,-118.617,11001,OWENS RIVER,366967773.8,13903797.336325666
SBN,1987,0.023029333333333332,9065,37.217,-118.617,11001,OWENS RIVER,366967773.8,8451023.185431467
SBN,1988,0.032385000000000004,9065,37.217,-118.617,11001,OWENS RIVER,366967773.8,11884251.354513003
SBN,1989,0.018901833333333333,9065,37.217,-118.617,11001,OWENS RIVER,366967773.8,6936363.699071967
SBN,1990,0.025273,9065,37.217,-118.617,11001,OWENS RIVER,366967773.8,9274376.5472474
SBN,1991,0.03553883333333333,9065,37.217,-118.617,11001,OWENS RIVER,366967773.8,13041606.551782567
SBN,1992,0.030522333333333332,9065,37.217,-118.617,11001,OWENS RIVER,366967773.8,11200712.714514866
SBN,1993,0.03268133333333333,9065,37.217,-118.617,11001,OWENS RIVER,366967773.8,11992996.138149068
SBN,1994,0.02942166666666667,9065,37.217,-118.617,11001,OWENS RIVER,366967773.8,10796803.518152334
SBN,1995,0.050143833333333325,9065,37.217,-118.617,11001,OWENS RIVER,366967773.8,18401170.888131563
SBN,1996,0.04751916666666667,9065,37.217,-118.617,11001,OWENS RIVER,366967773.8,17438002.804497834
SBN,1997,0.032321499999999996,9065,37.217,-118.617,11001,OWENS RIVER,366967773.8,11860948.900876699
SBN,1998,0.040280166666666666,9065,37.217,-118.617,11001,OWENS RIVER,366967773.8,14781523.089959633
SBN,1999,0.020891499999999997,9065,37.217,-118.617,11001,OWENS RIVER,366967773.8,7666507.246342699
SBN,2000,0.027601333333333332,9065,37.217,-118.617,11001,OWENS RIVER,366967773.8,10128799.847245067
SBN,2001,0.04796366666666667,9065,37.217,-118.617,11001,OWENS RIVER,366967773.8,17601119.979951933
SBN,2002,0.01572490909090909,9065,37.217,-118.617,11001,OWENS RIVER,366967773.8,5770534.882298292
SBN,2003,0.023311555555555554,9065,37.217,-118.617,11001,OWENS RIVER,366967773.8,8554589.646037243
SBN,2004,0.03635375,9065,37.217,-118.617,11001,OWENS RIVER,366967773.8,13340654.706781749
SBN,2005,0.026812875,9065,37.217,-118.617,11001,OWENS RIVER,366967773.8,9839461.047927676
SBN,2006,0.017272,9065,37.217,-118.617,11001,OWENS RIVER,366967773.8,6338267.3890736
SBN,2007,0.000762,9065,37.217,-118.617,11001,OWENS RIVER,366967773.8,279629.4436356
SBN,2008,0.0,9065,37.217,-118.617,11001,OWENS RIVER,366967773.8,0.0
SBN,2009,0.03001818181818182,9065,37.217,-118.617,11001,OWENS RIVER,366967773.8,11015705.355341818
SBN,2010,0.05602514285714285,9065,37.217,-118.617,11001,OWENS RIVER,366967773.8,20559421.951112684
SBN,2011,0.021151272727272727,9065,37.217,-118.617,11001,OWENS RIVER,366967773.8,7761835.465763927
SBN,2012,0.027709090909090905,9065,37.217,-118.617,11001,OWENS RIVER,366967773.8,10168343.404930908
SBN,2013,0.017018,9065,37.217,-118.617,11001,OWENS RIVER,366967773.8,6245057.5745284
SBN,2014,0.024765,9065,37.217,-118.617,11001,OWENS RIVER,366967773.8,9087956.918157
SBN,2015,0.02582333333333333,9065,37.217,-118.617,11001,OWENS RIVER,366967773.8,9476331.145428665
SBN,2016,0.030606999999999995,9065,37.217,-118.617,11001,OWENS RIVER,366967773.8,11231782.652696598
SBN,2017,0.051816,9065,37.217,-118.617,11001,OWENS RIVER,366967773.8,19014802.1672208
SBN,2018,0.0338455,9065,37.217,-118.617,11001,OWENS RIVER,366967773.8,12420207.7881479
SBN,2019,0.037380333333333335,9065,37.217,-118.617,11001,OWENS RIVER,366967773.8,13717377.707235267
SBN,2020,0.016891,9065,37.217,-118.617,11001,OWENS RIVER,366967773.8,6198452.6672558
SBN,2021,0.02874433333333333,9065,37.217,-118.617,11001,OWENS RIVER,366967773.8,10548244.012698466
SBN,2022,0.03210983333333333,9065,37.217,-118.617,11001,OWENS RIVER,366967773.8,11783274.055422366
SBN,2023,0.08183033333333334,9065,37.217,-118.617,11001,OWENS RIVER,366967773.8,30029095.25264527
SBN,2024,0.0756285,9065,37.217,-118.617,11001,OWENS RIVER,366967773.8,27753222.2808333
SKR,1949,0.03702049999999999,9773,37.16602,-118.56954,11001,OWENS RIVER,418487477.9,15492615.675596945
SKR,1950,0.04148666666666667,9773,37.16602,-118.56954,11001,OWENS RIVER,418487477.9,17361650.499811333
SKR,1951,0.032258,9773,37.16602,-118.56954,11001,OWENS RIVER,418487477.9,13499569.0620982
SKR,1952,0.04741333333333333,9773,37.16602,-118.56954,11001,OWENS RIVER,418487477.9,19841886.285498664
SKR,1953,0.0213995,9773,37.16602,-118.56954,11001,OWENS RIVER,418487477.9,8955422.783321049
SKR,1954,0.0362585,9773,37.16602,-118.56954,11001,OWENS RIVER,418487477.9,15173728.217437148
SKR,1955,0.05259916666666666,9773,37.16602,-118.56954,11001,OWENS RIVER,418487477.9,22012092.59797508
SKR,1956,0.023981833333333334,9773,37.16602,-118.56954,11001,OWENS RIVER,418487477.9,10036096.947084816
SKR,1957,0.03507316666666667,9773,37.16602,-118.56954,11001,OWENS RIVER,418487477.9,14677681.060299683
SKR,1958,0.040258999999999996,9773,37.16602,-118.56954,11001,OWENS RIVER,418487477.9,16847887.3727761
SKR,1959,0.028447999999999998,9773,37.16602,-118.56954,11001,OWENS RIVER,418487477.9,11905131.771299198
SKR,1960,0.031813499999999995,9773,37.16602,-118.56954,11001,OWENS RIVER,418487477.9,13313551.378171647
SKR,1961,0.026818166666666667,9773,37.16602,-118.56954,11001,OWENS RIVER,418487477.9,11223066.930235183
SKR,1962,0.034925,9773,37.16602,-118.56954,11001,OWENS RIVER,418487477.9,14615675.165657498
SKR,1963,0.06182783333333333,9773,37.16602,-118.56954,11001,OWENS RIVER,418487477.9,25874174.035688214
SKR,1964,0.018923,9773,37.16602,-118.56954,11001,OWENS RIVER,418487477.9,7919038.544301699
SKR,1965,0.027728333333333334,9773,37.16602,-118.56954,11001,OWENS RIVER,418487477.9,11603960.283037167
SKR,1966,0.0263525,9773,37.16602,-118.56954,11001,OWENS RIVER,418487477.9,11028191.26135975
SKR,1967,0.043688,9773,37.16602,-118.56954,11001,OWENS RIVER,418487477.9,18282880.9344952
SKR,1968,0.06275916666666666,9773,37.16602,-118.56954,11001,OWENS RIVER,418487477.9,26263925.373439077
SKR,1969,0.058818638888888886,9773,37.16602,-118.56954,11001,OWENS RIVER,418487477.9,24614863.842121966
SKR,1970,0.05487811111111111,9773,37.16602,-118.56954,11001,OWENS RIVER,418487477.9,22965802.31080485
SKR,1971,0.05093758333333333,9773,37.16602,-118.56954,11001,OWENS RIVER,418487477.9,21316740.779487737
SKR,1972,0.046997055555555556,9773,37.16602,-118.56954,11001,OWENS RIVER,418487477.9,19667679.248170625
SKR,1973,0.04305652777777778,9773,37.16602,-118.56954,11001,OWENS RIVER,418487477.9,18018617.716853514
SKR,1974,0.039116,9773,37.16602,-118.56954,11001,OWENS RIVER,418487477.9,16369556.185536398
SKR,1975,0.03462866666666666,9773,37.16602,-118.56954,11001,OWENS RIVER,418487477.9,14491663.37637313
SKR,1976,0.027791833333333335,9773,37.16602,-118.56954,11001,OWENS RIVER,418487477.9,11630534.237883817
SKR,1977,0.04353983333333333,9773,37.16602,-118.56954,11001,OWENS RIVER,418487477.9,18220875.039853014
SKR,1978,0.026923999999999993,9773,37.16602,-118.56954,11001,OWENS RIVER,418487477.9,11267356.854979597
SKR,1979,0.04017433333333333,9773,37.16602,-118.56954,11001,OWENS RIVER,418487477.9,16812455.432980567
SKR,1980,0.05799666666666666,9773,37.16602,-118.56954,11001,OWENS RIVER,418487477.9,24270878.75994033
SKR,1981,0.021314833333333335,9773,37.16602,-118.56954,11001,OWENS RIVER,418487477.9,8919990.843525518
SKR,1982,0.08669866666666667,9773,37.16602,-118.56954,11001,OWENS RIVER,418487477.9,36282306.35062613
SKR,1983,0.05828145454545454,9773,37.16602,-118.56954,11001,OWENS RIVER,418487477.9,24390058.92107076
SKR,1984,0.03924299999999999,9773,37.16602,-118.56954,11001,OWENS RIVER,418487477.9,16422704.095229696
SKR,1985,0.03441699999999999,9773,37.16602,-118.56954,11001,OWENS RIVER,418487477.9,14403083.526884295
SKR,1986,0.05262033333333333,9773,37.16602,-118.56954,11001,OWENS RIVER,418487477.9,22020950.582923964
SKR,1987,0.024765,9773,37.16602,-118.56954,11001,OWENS RIVER,418487477.9,10363842.3901935
SKR,1988,0.03306233333333333,9773,37.16602,-118.56954,11001,OWENS RIVER,418487477.9,13836172.490155766
SKR,1989,0.021971,9773,37.16602,-118.56954,11001,OWENS RIVER,418487477.9,9194588.3769409
SKR,1990,0.02976033333333333,9773,37.16602,-118.56954,11001,OWENS RIVER,418487477.9,12454326.838129964
SKR,1991,0.03668183333333333,9773,37.16602,-118.56954,11001,OWENS RIVER,418487477.9,15350887.916414814
SKR,1992,0.03852333333333333,9773,37.16602,-118.56954,11001,OWENS RIVER,418487477.9,16121532.606967665
SKR,1993,0.038078833333333326,9773,37.16602,-118.56954,11001,OWENS RIVER,418487477.9,15935514.923041113
SKR,1994,0.03291416666666667,9773,37.16602,-118.56954,11001,OWENS RIVER,418487477.9,13774166.595513582
SKR,1995,0.05513916666666666,9773,37.16602,-118.56954,11001,OWENS RIVER,418487477.9,23075050.79184108
SKR,1996,0.07046383333333332,9773,37.16602,-118.56954,11001,OWENS RIVER,418487477.9,29488231.89483261
SKR,1997,0.042333333333333334,9773,37.16602,-118.56954,11001,OWENS RIVER,418487477.9,17715969.897766665
SKR,1998,0.040639999999999996,9773,37.16602,-118.56954,11001,OWENS RIVER,418487477.9,17007331.101855997
SKR,1999,0.0295275,9773,37.16602,-118.56954,11001,OWENS RIVER,418487477.9,12356889.00369225
SKR,2000,0.029294666666666667,9773,37.16602,-118.56954,11001,OWENS RIVER,418487477.9,12259451.169254532
SKR,2001,0.054080833333333335,9773,37.16602,-118.56954,11001,OWENS RIVER,418487477.9,22632151.544396915
SKR,2002,0.02745509090909091,9773,37.16602,-118.56954,11001,OWENS RIVER,418487477.9,11489611.750060674
SKR,2003,0.028504444444444443,9773,37.16602,-118.56954,11001,OWENS RIVER,418487477.9,11928753.064496221
SKR,2004,0.02558142857142857,9773,37.16602,-118.56954,11001,OWENS RIVER,418487477.9,10705507.523936141
SKR,2005,0.023331714285714285,9773,37.16602,-118.56954,11001,OWENS RIVER,418487477.9,9764030.266511971
SKR,2006,0.021081999999999997,9773,37.16602,-118.56954,11001,OWENS RIVER,418487477.9,8822553.009087797
SKR,2007,0.000254,9773,37.16602,-118.56954,11001,OWENS RIVER,418487477.9,106295.8193866
SKR,2008,0.04699,9773,37.16602,-118.56954,11001,OWENS RIVER,418487477.9,19664726.586520996
SKR,2009,0.037615090909090904,9773,37.16602,-118.56954,11001,OWENS RIVER,418487477.9,15741444.52552467
SKR,2010,0.10620828571428571,9773,37.16602,-118.56954,11001,OWENS RIVER,418487477.9,44446837.620654024
SKR,2011,0.037684363636363634,9773,37.16602,-118.56954,11001,OWENS RIVER,418487477.9,15770434.294448288
SKR,2012,0.03583709090909091,9773,37.16602,-118.56954,11001,OWENS RIVER,418487477.9,14997373.789818471
SKR,2013,0.020447,9773,37.16602,-118.56954,11001,OWENS RIVER,418487477.9,8556813.4606213
SKR,2014,0.03175,9773,37.16602,-118.56954,11001,OWENS RIVER,418487477.9,13286977.423325
SKR,2015,0.031919333333333334,9773,37.16602,-118.56954,11001,OWENS RIVER,418487477.9,13357841.302916067
SKR,2016,0.04055533333333333,9773,37.16602,-118.56954,11001,OWENS RIVER,418487477.9,16971899.162060466
SKR,2017,0.07662333333333333,9773,37.16602,-118.56954,11001,OWENS RIVER,418487477.9,32065905.514957666
SKR,2018,0.04597400000000001,9773,37.16602,-118.56954,11001,OWENS RIVER,418487477.9,19239543.3089746
SKR,2019,0.04271433333333333,9773,37.16602,-118.56954,11001,OWENS RIVER,418487477.9,17875413.626846567
SKR,2020,0.0188595,9773,37.16602,-118.56954,11001,OWENS RIVER,418487477.9,7892464.58945505
SKR,2021,0.035263666666666665,9773,37.16602,-118.56954,11001,OWENS RIVER,418487477.9,14757402.924839633
SKR,2022,0.03869266666666667,9773,37.16602,-118.56954,11001,OWENS RIVER,418487477.9,16192396.486558732
SKR,2023,0.10926233333333334,9773,37.16602,-118.56954,11001,OWENS RIVER,418487477.9,45724918.306135766
SKR,2024,0.132461,9773,37.16602,-118.56954,11001,OWENS RIVER,418487477.9,55433269.810111895
