STATION_ID,DURATION,SENSOR_NUMBER,SENS_TYPE,DATE TIME,OBS DATE,VALUE,DATA_FLAG,UNITS
HWE,M,15,STORAGE,1996-01-01 00:00,1996-01-31 00:00,"33,560",,AF
HWE,M,15,STORAGE,1996-02-01 00:00,1996-02-29 00:00,"30,600",,AF
HWE,M,15,STORAGE,1996-03-01 00:00,1996-03-31 00:00,"31,230",,AF
HWE,M,15,STORAGE,1996-04-01 00:00,1996-04-30 00:00,"24,440",,AF
HWE,M,15,STORAGE,1996-05-01 00:00,1996-05-29 00:00,"32,390",,AF
HWE,M,15,STORAGE,1996-06-01 00:00,1996-06-28 00:00,"33,560",,AF
HWE,M,15,STORAGE,1996-07-01 00:00,1996-07-29 00:00,"31,090",,AF
HWE,M,15,STORAGE,1996-08-01 00:00,1996-08-01 00:00,"29,780",,AF
HWE,M,15,STORAGE,1996-09-01 00:00,1996-09-01 00:00,"28,500",,AF
HWE,M,15,STORAGE,1996-10-01 00:00,1996-10-01 00:00,"27,420",,AF
HWE,M,15,STORAGE,1996-11-01 00:00,1996-11-01 00:00,"30,780",,AF
HWE,M,15,STORAGE,1996-12-01 00:00,1996-12-01 00:00,"28,030",,AF
HWE,M,15,STORAGE,1997-01-01 00:00,1997-01-01 00:00,"31,130",,AF
HWE,M,15,STORAGE,1997-02-01 00:00,1997-02-01 00:00,"27,300",,AF
HWE,M,15,STORAGE,1997-03-01 00:00,1997-03-01 00:00,"21,060",,AF
HWE,M,15,STORAGE,1997-04-01 00:00,1997-04-01 00:00,"24,060",,AF
HWE,M,15,STORAGE,1997-05-01 00:00,1997-05-01 00:00,"29,350",,AF
HWE,M,15,STORAGE,1997-06-01 00:00,1997-06-01 00:00,"32,520",,AF
HWE,M,15,STORAGE,1997-07-01 00:00,1997-07-01 00:00,"32,540",,AF
HWE,M,15,STORAGE,1997-08-01 00:00,1997-08-01 00:00,"29,720",,AF
HWE,M,15,STORAGE,1997-09-01 00:00,1997-09-01 00:00,"25,580",,AF
HWE,M,15,STORAGE,1997-10-01 00:00,1997-10-01 00:00,"23,640",,AF
HWE,M,15,STORAGE,1997-11-01 00:00,1997-11-01 00:00,"23,120",,AF
HWE,M,15,STORAGE,1997-12-01 00:00,1997-12-01 00:00,"25,380",,AF
HWE,M,15,STORAGE,1998-01-01 00:00,1998-01-01 00:00,"26,920",,AF
HWE,M,15,STORAGE,1998-02-01 00:00,1998-02-01 00:00,"32,900",,AF
HWE,M,15,STORAGE,1998-03-01 00:00,1998-03-01 00:00,"28,200",,AF
HWE,M,15,STORAGE,1998-04-01 00:00,1998-04-01 00:00,"27,030",,AF
HWE,M,15,STORAGE,1998-05-01 00:00,1998-05-01 00:00,"26,250",,AF
HWE,M,15,STORAGE,1998-06-01 00:00,1998-06-01 00:00,"28,560",,AF
HWE,M,15,STORAGE,1998-07-01 00:00,1998-07-01 00:00,"34,620",,AF
HWE,M,15,STORAGE,1998-08-01 00:00,1998-08-01 00:00,"35,850",,AF
HWE,M,15,STORAGE,1998-09-01 00:00,1998-09-01 00:00,"35,420",,AF
HWE,M,15,STORAGE,1998-10-01 00:00,1998-10-01 00:00,"36,370",,AF
HWE,M,15,STORAGE,1998-11-01 00:00,1998-11-01 00:00,"35,320",,AF
HWE,M,15,STORAGE,1998-12-01 00:00,1998-12-01 00:00,"32,360",,AF
HWE,M,15,STORAGE,1999-01-01 00:00,1999-01-01 00:00,"27,060",,AF
HWE,M,15,STORAGE,1999-02-01 00:00,1999-02-01 00:00,"29,690",,AF
HWE,M,15,STORAGE,1999-03-01 00:00,1999-03-01 00:00,"29,670",,AF
HWE,M,15,STORAGE,1999-04-01 00:00,1999-04-01 00:00,"33,820",,AF
HWE,M,15,STORAGE,1999-05-01 00:00,1999-05-01 00:00,"30,020",,AF
HWE,M,15,STORAGE,1999-06-01 00:00,1999-06-01 00:00,"31,250",,AF
HWE,M,15,STORAGE,1999-07-01 00:00,1999-07-01 00:00,"30,530",,AF
HWE,M,15,STORAGE,1999-08-01 00:00,1999-08-01 00:00,"26,830",,AF
HWE,M,15,STORAGE,1999-09-01 00:00,1999-09-01 00:00,"26,730",,AF
HWE,M,15,STORAGE,1999-10-01 00:00,1999-10-01 00:00,"26,200",,AF
HWE,M,15,STORAGE,1999-11-01 00:00,1999-11-01 00:00,"28,620",,AF
HWE,M,15,STORAGE,1999-12-01 00:00,1999-12-01 00:00,"30,510",,AF
HWE,M,15,STORAGE,2000-01-01 00:00,2000-01-01 00:00,"29,930",,AF
HWE,M,15,STORAGE,2000-02-01 00:00,2000-02-01 00:00,"32,280",,AF
HWE,M,15,STORAGE,2000-03-01 00:00,2000-03-01 00:00,"30,980",,AF
HWE,M,15,STORAGE,2000-04-01 00:00,2000-04-01 00:00,"31,640",,AF
HWE,M,15,STORAGE,2000-05-01 00:00,2000-05-01 00:00,"31,140",,AF
HWE,M,15,STORAGE,2000-06-01 00:00,2000-06-01 00:00,"31,750",,AF
HWE,M,15,STORAGE,2000-07-01 00:00,2000-07-01 00:00,"27,050",,AF
HWE,M,15,STORAGE,2000-08-01 00:00,2000-08-01 00:00,"24,800",,AF
HWE,M,15,STORAGE,2000-09-01 00:00,2000-09-01 00:00,"20,760",,AF
HWE,M,15,STORAGE,2000-10-01 00:00,2000-10-01 00:00,"22,800",,AF
HWE,M,15,STORAGE,2000-11-01 00:00,2000-11-01 00:00,"26,660",,AF
HWE,M,15,STORAGE,2000-12-01 00:00,2000-12-01 00:00,"29,210",,AF
HWE,M,15,STORAGE,2001-01-01 00:00,2001-01-01 00:00,"35,680",,AF
HWE,M,15,STORAGE,2001-02-01 00:00,2001-02-01 00:00,"34,090",,AF
HWE,M,15,STORAGE,2001-03-01 00:00,2001-03-01 00:00,"27,300",,AF
HWE,M,15,STORAGE,2001-04-01 00:00,2001-04-01 00:00,"29,211",,AF
HWE,M,15,STORAGE,2001-05-01 00:00,2001-05-01 00:00,"36,360",,AF
HWE,M,15,STORAGE,2001-06-01 00:00,2001-06-01 00:00,"36,010",,AF
HWE,M,15,STORAGE,2001-07-01 00:00,2001-07-01 00:00,"34,410",,AF
HWE,M,15,STORAGE,2001-08-01 00:00,2001-08-01 00:00,"22,020",,AF
HWE,M,15,STORAGE,2001-09-01 00:00,2001-09-01 00:00,"18,100",,AF
HWE,M,15,STORAGE,2001-10-01 00:00,2001-10-01 00:00,"19,960",,AF
HWE,M,15,STORAGE,2001-11-01 00:00,2001-11-01 00:00,"19,960",,AF
HWE,M,15,STORAGE,2001-12-01 00:00,2001-12-01 00:00,"22,380",,AF
HWE,M,15,STORAGE,2002-01-01 00:00,2002-01-01 00:00,"29,150",,AF
HWE,M,15,STORAGE,2002-02-01 00:00,2002-02-01 00:00,"29,680",,AF
HWE,M,15,STORAGE,2002-03-01 00:00,2002-03-01 00:00,"27,180",,AF
HWE,M,15,STORAGE,2002-04-01 00:00,2002-04-01 00:00,"31,970",,AF
HWE,M,15,STORAGE,2002-05-01 00:00,2002-05-01 00:00,"31,360",,AF
HWE,M,15,STORAGE,2002-06-01 00:00,2002-06-01 00:00,"30,530",,AF
HWE,M,15,STORAGE,2002-07-01 00:00,2002-07-01 00:00,"27,600",,AF
HWE,M,15,STORAGE,2002-08-01 00:00,2002-08-01 00:00,"22,650",,AF
HWE,M,15,STORAGE,2002-09-01 00:00,2002-09-01 00:00,"18,660",,AF
HWE,M,15,STORAGE,2002-10-01 00:00,2002-10-01 00:00,"22,560",,AF
HWE,M,15,STORAGE,2002-11-01 00:00,2002-11-01 00:00,"28,160",,AF
HWE,M,15,STORAGE,2002-12-01 00:00,2002-12-01 00:00,"30,100",,AF
HWE,M,15,STORAGE,2003-01-01 00:00,2003-01-01 00:00,"31,910",,AF
HWE,M,15,STORAGE,2003-02-01 00:00,2003-02-01 00:00,"33,100",,AF
HWE,M,15,STORAGE,2003-03-01 00:00,2003-03-01 00:00,"28,700",,AF
HWE,M,15,STORAGE,2003-04-01 00:00,2003-04-01 00:00,"29,340",,AF
HWE,M,15,STORAGE,2003-05-01 00:00,2003-05-01 00:00,"28,850",,AF
HWE,M,15,STORAGE,2003-06-01 00:00,2003-06-01 00:00,"34,950",,AF
HWE,M,15,STORAGE,2003-07-01 00:00,2003-07-01 00:00,"32,530",,AF
HWE,M,15,STORAGE,2003-08-01 00:00,2003-08-01 00:00,"30,360",,AF
HWE,M,15,STORAGE,2003-09-01 00:00,2003-09-01 00:00,"23,470",,AF
HWE,M,15,STORAGE,2003-10-01 00:00,2003-10-01 00:00,"21,530",,AF
HWE,M,15,STORAGE,2003-11-01 00:00,2003-11-01 00:00,"22,810",,AF
HWE,M,15,STORAGE,2003-12-01 00:00,2003-12-01 00:00,"23,590",,AF
HWE,M,15,STORAGE,2004-01-01 00:00,2004-01-01 00:00,"24,610",,AF
HWE,M,15,STORAGE,2004-02-01 00:00,2004-02-01 00:00,"27,840",,AF
HWE,M,15,STORAGE,2004-03-01 00:00,2004-03-01 00:00,"31,100",,AF
HWE,M,15,STORAGE,2004-04-01 00:00,2004-04-01 00:00,"31,380",,AF
HWE,M,15,STORAGE,2004-05-01 00:00,2004-05-01 00:00,"29,580",,AF
HWE,M,15,STORAGE,2004-06-01 00:00,2004-06-01 00:00,"34,950",,AF
HWE,M,15,STORAGE,2004-07-01 00:00,2004-07-01 00:00,"30,360",,AF
HWE,M,15,STORAGE,2004-08-01 00:00,2004-08-01 00:00,"23,660",,AF
HWE,M,15,STORAGE,2004-09-01 00:00,2004-09-01 00:00,"20,790",,AF
HWE,M,15,STORAGE,2004-10-01 00:00,2004-10-01 00:00,"25,160",,AF
HWE,M,15,STORAGE,2004-11-01 00:00,2004-11-01 00:00,"26,880",,AF
HWE,M,15,STORAGE,2004-12-01 00:00,2004-12-01 00:00,"27,540",,AF
HWE,M,15,STORAGE,2005-01-01 00:00,2005-01-01 00:00,"31,340",,AF
HWE,M,15,STORAGE,2005-02-01 00:00,2005-02-01 00:00,"31,310",,AF
HWE,M,15,STORAGE,2005-03-01 00:00,2005-03-01 00:00,"24,240",,AF
HWE,M,15,STORAGE,2005-04-01 00:00,2005-04-01 00:00,"21,080",,AF
HWE,M,15,STORAGE,2005-05-01 00:00,2005-05-01 00:00,"22,590",,AF
HWE,M,15,STORAGE,2005-06-01 00:00,2005-06-01 00:00,"23,070",,AF
HWE,M,15,STORAGE,2005-07-01 00:00,2005-07-01 00:00,"29,130",,AF
HWE,M,15,STORAGE,2005-08-01 00:00,2005-08-01 00:00,"25,590",,AF
HWE,M,15,STORAGE,2005-09-01 00:00,2005-09-01 00:00,"24,930",,AF
HWE,M,15,STORAGE,2005-10-01 00:00,2005-10-01 00:00,"29,510",,AF
HWE,M,15,STORAGE,2005-11-01 00:00,2005-11-01 00:00,"26,160",,AF
HWE,M,15,STORAGE,2005-12-01 00:00,2005-12-01 00:00,"27,750",,AF
HWE,M,15,STORAGE,2006-01-01 00:00,2006-01-01 00:00,"35,580",,AF
HWE,M,15,STORAGE,2006-02-01 00:00,2006-02-01 00:00,"35,180",,AF
HWE,M,15,STORAGE,2006-03-01 00:00,2006-03-01 00:00,"25,350",,AF
HWE,M,15,STORAGE,2006-04-01 00:00,2006-04-01 00:00,"23,290",,AF
HWE,M,15,STORAGE,2006-05-01 00:00,2006-05-01 00:00,"26,740",,AF
HWE,M,15,STORAGE,2006-06-01 00:00,2006-06-01 00:00,"31,290",,AF
HWE,M,15,STORAGE,2006-07-01 00:00,2006-07-01 00:00,"37,210",,AF
HWE,M,15,STORAGE,2006-08-01 00:00,2006-08-01 00:00,"33,040",,AF
HWE,M,15,STORAGE,2006-09-01 00:00,2006-09-01 00:00,"21,980",,AF
HWE,M,15,STORAGE,2006-10-01 00:00,2006-10-01 00:00,"24,160",,AF
HWE,M,15,STORAGE,2006-11-01 00:00,2006-11-01 00:00,"24,280",,AF
HWE,M,15,STORAGE,2006-12-01 00:00,2006-12-01 00:00,"27,030",,AF
HWE,M,15,STORAGE,2007-01-01 00:00,2007-01-01 00:00,"30,030",,AF
HWE,M,15,STORAGE,2007-02-01 00:00,2007-02-01 00:00,"30,650",,AF
HWE,M,15,STORAGE,2007-03-01 00:00,2007-03-01 00:00,"30,180",,AF
HWE,M,15,STORAGE,2007-04-01 00:00,2007-04-01 00:00,"31,770",,AF
HWE,M,15,STORAGE,2007-05-01 00:00,2007-05-01 00:00,"30,560",,AF
HWE,M,15,STORAGE,2007-06-01 00:00,2007-06-01 00:00,"28,870",,AF
HWE,M,15,STORAGE,2007-07-01 00:00,2007-07-01 00:00,"29,790",,AF
HWE,M,15,STORAGE,2007-08-01 00:00,2007-08-01 00:00,"22,680",,AF
HWE,M,15,STORAGE,2007-09-01 00:00,2007-09-01 00:00,"21,000",,AF
HWE,M,15,STORAGE,2007-10-01 00:00,2007-10-01 00:00,"21,060",,AF
HWE,M,15,STORAGE,2007-11-01 00:00,2007-11-01 00:00,"24,120",,AF
HWE,M,15,STORAGE,2007-12-01 00:00,2007-12-01 00:00,"26,040",,AF
HWE,M,15,STORAGE,2008-01-01 00:00,2008-01-01 00:00,"29,820",,AF
HWE,M,15,STORAGE,2008-02-01 00:00,2008-02-01 00:00,"29,580",,AF
HWE,M,15,STORAGE,2008-03-01 00:00,2008-03-01 00:00,"30,560",,AF
HWE,M,15,STORAGE,2008-04-01 00:00,2008-04-01 00:00,"24,320",,AF
HWE,M,15,STORAGE,2008-05-01 00:00,2008-05-01 00:00,"21,080",,AF
HWE,M,15,STORAGE,2008-06-01 00:00,2008-06-01 00:00,"26,990",,AF
HWE,M,15,STORAGE,2008-07-01 00:00,2008-07-01 00:00,"27,720",,AF
HWE,M,15,STORAGE,2008-08-01 00:00,2008-08-01 00:00,"22,030",,AF
HWE,M,15,STORAGE,2008-09-01 00:00,2008-09-01 00:00,"19,330",,AF
HWE,M,15,STORAGE,2008-10-01 00:00,2008-10-01 00:00,"19,670",r,AF
HWE,M,15,STORAGE,2008-11-01 00:00,2008-11-01 00:00,"25,530",,AF
HWE,M,15,STORAGE,2008-12-01 00:00,2008-12-01 00:00,"27,130",,AF
HWE,M,15,STORAGE,2009-01-01 00:00,2009-01-01 00:00,"28,930",,AF
HWE,M,15,STORAGE,2009-02-01 00:00,2009-02-01 00:00,"32,320",,AF
HWE,M,15,STORAGE,2009-03-01 00:00,2009-03-01 00:00,"32,070",,AF
HWE,M,15,STORAGE,2009-04-01 00:00,2009-04-01 00:00,"32,620",,AF
HWE,M,15,STORAGE,2009-05-01 00:00,2009-05-01 00:00,"32,650",,AF
HWE,M,15,STORAGE,2009-06-01 00:00,2009-06-01 00:00,"33,510",,AF
HWE,M,15,STORAGE,2009-07-01 00:00,2009-07-01 00:00,"33,470",,AF
HWE,M,15,STORAGE,2009-08-01 00:00,2009-08-01 00:00,"24,370",,AF
HWE,M,15,STORAGE,2009-09-01 00:00,2009-09-01 00:00,"23,320",,AF
HWE,M,15,STORAGE,2009-10-01 00:00,2009-10-01 00:00,"24,890",,AF
HWE,M,15,STORAGE,2009-11-01 00:00,2009-11-01 00:00,"27,670",,AF
HWE,M,15,STORAGE,2009-12-01 00:00,2009-12-01 00:00,"32,360",,AF
HWE,M,15,STORAGE,2010-01-01 00:00,2010-01-01 00:00,"33,390",,AF
HWE,M,15,STORAGE,2010-02-01 00:00,2010-02-01 00:00,"30,511",,AF
HWE,M,15,STORAGE,2010-03-01 00:00,2010-03-01 00:00,"34,060",r,AF
HWE,M,15,STORAGE,2010-04-01 00:00,2010-04-01 00:00,"31,600",,AF
HWE,M,15,STORAGE,2010-05-01 00:00,2010-05-01 00:00,"26,870",,AF
HWE,M,15,STORAGE,2010-06-01 00:00,2010-06-01 00:00,"26,500",,AF
HWE,M,15,STORAGE,2010-07-01 00:00,2010-07-01 00:00,"33,020",,AF
HWE,M,15,STORAGE,2010-08-01 00:00,2010-08-01 00:00,"22,850",,AF
HWE,M,15,STORAGE,2010-09-01 00:00,2010-09-01 00:00,"22,940",,AF
HWE,M,15,STORAGE,2010-10-01 00:00,2010-10-01 00:00,"25,180",,AF
HWE,M,15,STORAGE,2010-11-01 00:00,2010-11-01 00:00,"37,814",,AF
HWE,M,15,STORAGE,2010-12-01 00:00,2010-12-01 00:00,"36,660",,AF
HWE,M,15,STORAGE,2011-01-01 00:00,2011-01-01 00:00,"34,470",,AF
HWE,M,15,STORAGE,2011-02-01 00:00,2011-02-01 00:00,"32,670",,AF
HWE,M,15,STORAGE,2011-03-01 00:00,2011-03-01 00:00,"29,570",,AF
HWE,M,15,STORAGE,2011-04-01 00:00,2011-04-01 00:00,"27,890",,AF
HWE,M,15,STORAGE,2011-05-01 00:00,2011-05-01 00:00,"26,368",,AF
HWE,M,15,STORAGE,2011-06-01 00:00,2011-06-01 00:00,"25,777",,AF
HWE,M,15,STORAGE,2011-07-01 00:00,2011-07-01 00:00,"20,221",,AF
HWE,M,15,STORAGE,2011-08-01 00:00,2011-08-01 00:00,"28,916",r,AF
HWE,M,15,STORAGE,2011-09-01 00:00,2011-09-01 00:00,"22,025",,AF
HWE,M,15,STORAGE,2011-10-01 00:00,2011-10-01 00:00,"25,159",r,AF
HWE,M,15,STORAGE,2011-11-01 00:00,2011-11-01 00:00,"34,298",,AF
HWE,M,15,STORAGE,2011-12-01 00:00,2011-12-01 00:00,"33,302",,AF
HWE,M,15,STORAGE,2012-01-01 00:00,2012-01-01 00:00,"33,072",,AF
HWE,M,15,STORAGE,2012-02-01 00:00,2012-02-01 00:00,"29,124",,AF
HWE,M,15,STORAGE,2012-03-01 00:00,2012-03-01 00:00,"25,388",,AF
HWE,M,15,STORAGE,2012-04-01 00:00,2012-04-01 00:00,"29,769",r,AF
HWE,M,15,STORAGE,2012-05-01 00:00,2012-05-01 00:00,"30,315",,AF
HWE,M,15,STORAGE,2012-06-01 00:00,2012-06-01 00:00,"27,880",,AF
HWE,M,15,STORAGE,2012-07-01 00:00,2012-07-01 00:00,"25,616",,AF
HWE,M,15,STORAGE,2012-08-01 00:00,2012-08-01 00:00,"23,880",,AF
HWE,M,15,STORAGE,2012-09-01 00:00,2012-09-01 00:00,"20,188",,AF
HWE,M,15,STORAGE,2012-10-01 00:00,2012-10-01 00:00,"28,030",,AF
HWE,M,15,STORAGE,2012-11-01 00:00,2012-11-01 00:00,"37,119",,AF
HWE,M,15,STORAGE,2012-12-01 00:00,2012-12-01 00:00,"23,574",,AF
HWE,M,15,STORAGE,2013-01-01 00:00,2013-01-01 00:00,"25,234",,AF
HWE,M,15,STORAGE,2013-02-01 00:00,2013-02-01 00:00,"27,710",,AF
HWE,M,15,STORAGE,2013-03-01 00:00,2013-03-01 00:00,"29,411",,AF
HWE,M,15,STORAGE,2013-04-01 00:00,2013-04-01 00:00,"33,042",,AF
HWE,M,15,STORAGE,2013-05-01 00:00,2013-05-01 00:00,"35,103",,AF
HWE,M,15,STORAGE,2013-06-01 00:00,2013-06-01 00:00,"35,120",,AF
HWE,M,15,STORAGE,2013-07-01 00:00,2013-07-01 00:00,"35,430",,AF
HWE,M,15,STORAGE,2013-08-01 00:00,2013-08-01 00:00,"34,145",,AF
HWE,M,15,STORAGE,2013-09-01 00:00,2013-09-01 00:00,"29,834",,AF
HWE,M,15,STORAGE,2013-10-01 00:00,2013-10-01 00:00,"21,525",,AF
HWE,M,15,STORAGE,2013-11-01 00:00,2013-11-01 00:00,"22,532",,AF
HWE,M,15,STORAGE,2013-12-01 00:00,2013-12-01 00:00,"27,202",,AF
HWE,M,15,STORAGE,2014-01-01 00:00,2014-01-01 00:00,"28,250",,AF
HWE,M,15,STORAGE,2014-02-01 00:00,2014-02-01 00:00,"30,364",,AF
HWE,M,15,STORAGE,2014-03-01 00:00,2014-03-01 00:00,"35,864",,AF
HWE,M,15,STORAGE,2014-04-01 00:00,2014-04-01 00:00,"35,411",,AF
HWE,M,15,STORAGE,2014-05-01 00:00,2014-05-01 00:00,"33,065",,AF
HWE,M,15,STORAGE,2014-06-01 00:00,2014-06-01 00:00,"35,667",,AF
HWE,M,15,STORAGE,2014-07-01 00:00,2014-07-01 00:00,"33,367",,AF
HWE,M,15,STORAGE,2014-08-01 00:00,2014-08-01 00:00,"27,559",,AF
HWE,M,15,STORAGE,2014-09-01 00:00,2014-09-01 00:00,"21,385",,AF
HWE,M,15,STORAGE,2014-10-01 00:00,2014-10-01 00:00,"20,049",,AF
HWE,M,15,STORAGE,2014-11-01 00:00,2014-11-01 00:00,"22,718",,AF
HWE,M,15,STORAGE,2014-12-01 00:00,2014-12-01 00:00,"27,631",,AF
HWE,M,15,STORAGE,2015-01-01 00:00,2015-01-01 00:00,"33,416",,AF
HWE,M,15,STORAGE,2015-02-01 00:00,2015-02-01 00:00,"34,930",e,AF
HWE,M,15,STORAGE,2015-03-01 00:00,2015-03-01 00:00,"33,377",,AF
HWE,M,15,STORAGE,2015-04-01 00:00,2015-04-01 00:00,"32,983",,AF
HWE,M,15,STORAGE,2015-05-01 00:00,2015-05-01 00:00,"31,576",,AF
HWE,M,15,STORAGE,2015-06-01 00:00,2015-06-01 00:00,"29,790",,AF
HWE,M,15,STORAGE,2015-07-01 00:00,2015-07-01 00:00,"29,445",,AF
HWE,M,15,STORAGE,2015-08-01 00:00,2015-08-01 00:00,"23,308",,AF
HWE,M,15,STORAGE,2015-09-01 00:00,2015-09-01 00:00,"20,290",,AF
HWE,M,15,STORAGE,2015-10-01 00:00,2015-10-01 00:00,"22,660",,AF
HWE,M,15,STORAGE,2015-11-01 00:00,2015-11-01 00:00,"24,945",,AF
HWE,M,15,STORAGE,2015-12-01 00:00,2015-12-01 00:00,"27,255",,AF
HWE,M,15,STORAGE,2016-01-01 00:00,2016-01-01 00:00,"31,988",,AF
HWE,M,15,STORAGE,2016-02-01 00:00,2016-02-01 00:00,"32,985",,AF
HWE,M,15,STORAGE,2016-03-01 00:00,2016-03-01 00:00,"33,378",,AF
HWE,M,15,STORAGE,2016-04-01 00:00,2016-04-01 00:00,"31,916",,AF
HWE,M,15,STORAGE,2016-05-01 00:00,2016-05-01 00:00,"33,212",,AF
HWE,M,15,STORAGE,2016-06-01 00:00,2016-06-01 00:00,"33,025",,AF
HWE,M,15,STORAGE,2016-07-01 00:00,2016-07-01 00:00,"27,867",,AF
HWE,M,15,STORAGE,2016-08-01 00:00,2016-08-01 00:00,"30,532",,AF
HWE,M,15,STORAGE,2016-09-01 00:00,2016-09-01 00:00,"21,223",,AF
HWE,M,15,STORAGE,2016-10-01 00:00,2016-10-01 00:00,"18,357",,AF
HWE,M,15,STORAGE,2016-11-01 00:00,2016-11-01 00:00,"18,598",,AF
HWE,M,15,STORAGE,2016-12-01 00:00,2016-12-01 00:00,"25,102",,AF
HWE,M,15,STORAGE,2017-01-01 00:00,2017-01-01 00:00,"33,077",,AF
HWE,M,15,STORAGE,2017-02-01 00:00,2017-02-01 00:00,"32,895",,AF
HWE,M,15,STORAGE,2017-03-01 00:00,2017-03-01 00:00,"25,654",,AF
HWE,M,15,STORAGE,2017-04-01 00:00,2017-04-01 00:00,"24,054",,AF
HWE,M,15,STORAGE,2017-05-01 00:00,2017-05-01 00:00,"26,201",,AF
HWE,M,15,STORAGE,2017-06-01 00:00,2017-06-01 00:00,"26,500",,AF
HWE,M,15,STORAGE,2017-07-01 00:00,2017-07-01 00:00,"35,049",,AF
HWE,M,15,STORAGE,2017-08-01 00:00,2017-08-01 00:00,"29,466",,AF
HWE,M,15,STORAGE,2017-09-01 00:00,2017-09-01 00:00,"23,843",,AF
HWE,M,15,STORAGE,2017-10-01 00:00,2017-10-01 00:00,"25,555",,AF
HWE,M,15,STORAGE,2017-11-01 00:00,2017-11-01 00:00,"23,894",,AF
HWE,M,15,STORAGE,2017-12-01 00:00,2017-12-01 00:00,"30,345",,AF
HWE,M,15,STORAGE,2018-01-01 00:00,2018-01-01 00:00,"32,537",,AF
HWE,M,15,STORAGE,2018-02-01 00:00,2018-02-01 00:00,"28,891",,AF
HWE,M,15,STORAGE,2018-03-01 00:00,2018-03-01 00:00,"32,039",,AF
HWE,M,15,STORAGE,2018-04-01 00:00,2018-04-01 00:00,"34,224",,AF
HWE,M,15,STORAGE,2018-05-01 00:00,2018-05-01 00:00,"20,062",,AF
HWE,M,15,STORAGE,2018-06-01 00:00,2018-06-01 00:00,"33,273",,AF
HWE,M,15,STORAGE,2018-07-01 00:00,2018-07-01 00:00,"27,046",,AF
HWE,M,15,STORAGE,2018-08-01 00:00,2018-08-01 00:00,"26,258",,AF
HWE,M,15,STORAGE,2018-09-01 00:00,2018-09-01 00:00,"22,355",,AF
HWE,M,15,STORAGE,2018-10-01 00:00,2018-10-01 00:00,"30,443",,AF
HWE,M,15,STORAGE,2018-11-01 00:00,2018-11-01 00:00,"30,534",,AF
HWE,M,15,STORAGE,2018-12-01 00:00,2018-12-01 00:00,"22,102",,AF
HWE,M,15,STORAGE,2019-01-01 00:00,2019-01-01 00:00,"33,525",,AF
HWE,M,15,STORAGE,2019-02-01 00:00,2019-02-01 00:00,"27,710",,AF
HWE,M,15,STORAGE,2019-03-01 00:00,2019-03-01 00:00,"29,033",,AF
HWE,M,15,STORAGE,2019-04-01 00:00,2019-04-01 00:00,"26,247",,AF
HWE,M,15,STORAGE,2019-05-01 00:00,2019-05-01 00:00,"27,883",,AF
HWE,M,15,STORAGE,2019-06-01 00:00,2019-06-01 00:00,"25,694",,AF
HWE,M,15,STORAGE,2019-07-01 00:00,2019-07-01 00:00,"27,819",,AF
HWE,M,15,STORAGE,2019-08-01 00:00,2019-08-01 00:00,"22,116",,AF
HWE,M,15,STORAGE,2019-09-01 00:00,2019-09-01 00:00,"22,631",,AF
HWE,M,15,STORAGE,2019-10-01 00:00,2019-10-01 00:00,"28,593",,AF
HWE,M,15,STORAGE,2019-11-01 00:00,2019-11-01 00:00,"32,343",,AF
HWE,M,15,STORAGE,2019-12-01 00:00,2019-12-01 00:00,"32,083",,AF
HWE,M,15,STORAGE,2020-01-01 00:00,2020-01-01 00:00,"37,971",,AF
HWE,M,15,STORAGE,2020-02-01 00:00,2020-02-01 00:00,"34,724",,AF
HWE,M,15,STORAGE,2020-03-01 00:00,2020-03-01 00:00,"32,429",,AF
HWE,M,15,STORAGE,2020-04-01 00:00,2020-04-01 00:00,"34,718",,AF
HWE,M,15,STORAGE,2020-05-01 00:00,2020-05-01 00:00,"31,471",,AF
HWE,M,15,STORAGE,2020-06-01 00:00,2020-06-01 00:00,"28,362",,AF
HWE,M,15,STORAGE,2020-07-01 00:00,2020-07-01 00:00,"25,661",,AF
HWE,M,15,STORAGE,2020-08-01 00:00,2020-08-01 00:00,"25,661",,AF
HWE,M,15,STORAGE,2020-09-01 00:00,2020-09-01 00:00,"22,628",,AF
HWE,M,15,STORAGE,2020-10-01 00:00,2020-10-01 00:00,"22,683",,AF
HWE,M,15,STORAGE,2020-11-01 00:00,2020-11-01 00:00,"22,861",,AF
HWE,M,15,STORAGE,2020-12-01 00:00,2020-12-31 00:00,"23,558",,AF
HWE,M,15,STORAGE,2021-01-01 00:00,2021-01-31 00:00,"19,751",,AF
HWE,M,15,STORAGE,2021-02-01 00:00,2021-02-01 00:00,"23,488",,AF
HWE,M,15,STORAGE,2021-03-01 00:00,2021-03-01 00:00,"29,075",,AF
HWE,M,15,STORAGE,2021-04-01 00:00,2021-04-01 00:00,"27,709",,AF
HWE,M,15,STORAGE,2021-05-01 00:00,2021-05-01 00:00,"25,538",,AF
HWE,M,15,STORAGE,2021-06-01 00:00,2021-06-01 00:00,"23,534",,AF
HWE,M,15,STORAGE,2021-07-01 00:00,2021-07-01 00:00,"23,325",,AF
HWE,M,15,STORAGE,2021-08-01 00:00,2021-08-01 00:00,"21,568",,AF
HWE,M,15,STORAGE,2021-09-01 00:00,2021-09-01 00:00,"20,201",,AF
HWE,M,15,STORAGE,2021-10-01 00:00,2021-10-01 00:00,"25,236",,AF
HWE,M,15,STORAGE,2021-11-01 00:00,2021-11-01 00:00,"28,813",,AF
HWE,M,15,STORAGE,2021-12-01 00:00,2021-12-01 00:00,"31,929",r,AF
HWE,M,15,STORAGE,2022-01-01 00:00,2022-01-01 00:00,"29,430",,AF
HWE,M,15,STORAGE,2022-02-01 00:00,2022-02-01 00:00,"28,466",,AF
HWE,M,15,STORAGE,2022-03-01 00:00,2022-03-01 00:00,"26,363",,AF
HWE,M,15,STORAGE,2022-04-01 00:00,2022-04-01 00:00,"29,094",,AF
HWE,M,15,STORAGE,2022-05-01 00:00,2022-05-01 00:00,"29,407",,AF
HWE,M,15,STORAGE,2022-06-01 00:00,2022-06-01 00:00,"27,617",,AF
HWE,M,15,STORAGE,2022-07-01 00:00,2022-07-01 00:00,"30,128",,AF
HWE,M,15,STORAGE,2022-08-01 00:00,2022-08-01 00:00,"32,556",,AF
HWE,M,15,STORAGE,2022-09-01 00:00,2022-09-01 00:00,"27,198",,AF
HWE,M,15,STORAGE,2022-10-01 00:00,2022-10-01 00:00,"23,373",,AF
HWE,M,15,STORAGE,2022-11-01 00:00,2022-11-01 00:00,"27,401",,AF
HWE,M,15,STORAGE,2022-12-01 00:00,2022-12-01 00:00,"33,307",,AF
HWE,M,15,STORAGE,2023-01-01 00:00,2023-01-01 00:00,"32,867",,AF
HWE,M,15,STORAGE,2023-02-01 00:00,2023-02-01 00:00,"22,205",,AF
HWE,M,15,STORAGE,2023-03-01 00:00,2023-03-01 00:00,"25,984",,AF
HWE,M,15,STORAGE,2023-04-01 00:00,2023-04-01 00:00,"20,877",,AF
HWE,M,15,STORAGE,2023-05-01 00:00,2023-05-01 00:00,"23,949",,AF
HWE,M,15,STORAGE,2023-06-01 00:00,2023-06-01 00:00,"30,196",,AF
HWE,M,15,STORAGE,2023-07-01 00:00,2023-07-01 00:00,"36,932",,AF
HWE,M,15,STORAGE,2023-08-01 00:00,2023-08-01 00:00,"36,605",,AF
HWE,M,15,STORAGE,2023-09-01 00:00,2023-09-01 00:00,"32,939",,AF
HWE,M,15,STORAGE,2023-10-01 00:00,2023-10-01 00:00,"25,590",,AF
HWE,M,15,STORAGE,2023-11-01 00:00,2023-11-01 00:00,"35,422",,AF
HWE,M,15,STORAGE,2023-12-01 00:00,2023-12-01 00:00,"36,530",,AF
HWE,M,15,STORAGE,2024-01-01 00:00,2024-01-01 00:00,"35,522",,AF
HWE,M,15,STORAGE,2024-02-01 00:00,2024-02-01 00:00,"36,482",,AF
HWE,M,15,STORAGE,2024-03-01 00:00,2024-03-01 00:00,"33,208",,AF
HWE,M,15,STORAGE,2024-04-01 00:00,2024-04-01 00:00,"28,125",,AF
HWE,M,15,STORAGE,2024-05-01 00:00,2024-05-01 00:00,,,AF
